,
,
"AltID (""K-Number"")","PO Number (""Contract Number"""
,AV153031
,AV153095
,AV153133
,AV153740
,AV153769
,AV154073
,AV154251
,AV154253
,AV154527
,AV154588
,AV154613
,AV154728
,AV154853
,AV154869
,AV155021
,AV155023
,AV155124
,AV155138
,AV155893
,AV155999
,AV156460
,AV156664
,AV156797
,AV156878
,AV156881
,AV156931
,AV157123
K12-085,AV157577
K12-098,AV157886
K12-054,AV257491
K12-199,AV258860
K12-200,AV258861
K12-208,AV259036
K12-225,AV259258
K12-251,AV259640
K12-261,AV259786
K12-262,AV259787
K12-263,AV259788
K12-264,AV259789
K12-275,AV259901
k 12-294,AV260245
k 12-313,AV260408
k 12-214,AV260412
k 12-315,AV260420
K 12-383,AV260748
k 12-429,AV261207
,
"AltID (""K-Number"")","PO Number (""Contract Number"""
k 12-457,AV261563
k 12-458,AV261569
k 12-459,AV261570
k 12-474,AV261754
k 12-479,AV261786
k 12-529,AV261788
,AV262431
,AV262432
k 12-600,AV262841
k 12-637,AV263145
k 12-664,AV263522
k 12-665,AV263525
k 12-666,AV263527
k 12-681,AV263668
k 12-682,AV263669
k 12-683,AV263670
k 12-695,AV263698
k 12-696,AV263699
k 12-702,AV263781
k 12-703,AV263782
K12-710,AV263857
K12-711,AV263863
K12-723,AV263991
K12-726,AV264018
k12-739,AV264197
k12-740,AV264198
k12-759,AV264297
k12-768,AV264431
k12-769,AV264432
k12-770,AV264433
k12-771,AV264434
k12-774,AV264438
k12-793,AV264649
k12-799,AV264655
k12-801,AV264671
k12-818,AV264840
k12-819,AV264874
k12-820,AV264877
k12-821,AV264879
k12-822,AV264882
k12-836,AV264984
k12-868,AV265120
K12-871,AV265124
k12-898,AV265386
k12-907,AV265468
k12-920,AV265664
,
"AltID (""K-Number"")","PO Number (""Contract Number"""
k12-921,AV265665
K12-922,AV265670
k12-923,AV265671
k12-925,AV265679
k12-926,AV265701
k12-928,AV265706
k12-934,AV265713
k12-935,AV265714
k12-943,AV265919
k12-945,AV265924
K12-948,AV266083
k12-951,AV266131
k12-953,AV266135
k12-954,AV266137
k12-955,AV266139
k12-956,AV266140
k12-957,AV266154
k12-961,AV266163
k12-962,AV266165
k12-965,AV266181
k12-966,AV266182
k12-967,AV266183
k12-969,AV266185
k12-970,AV266186
k12-971,AV266187
k12-973,AV266191
k12-983,AV266378
k12-984,AV266379
k12-987,AV266382
k12-988,AV266383
k12-989,AV266385
k12-990,AV266386
k12-1016,AV266561
k12-1017,AV266563
k12-1042,AV266922
k12-1050,AV266943
k12-1063,AV267014
k12-1064,AV267015
k12-1065,AV267016
k12-1080,AV267165
k12-1081,AV267166
k12-1084,AV267225
12-1086,AV267312
12-1088,AV267316
12-1099,AV267331
12-1100,AV267336
,
"AltID (""K-Number"")","PO Number (""Contract Number"""
k12-1129,AV267688
k12-1130,AV267691
k12-1131,AV267692
k12-1132,AV267693
k12-1137,AV267721
k12-1138,AV267723
k12-1142,AV267728
k12-1145,AV267769
k12-1157,AV267918
k12-1158,AV267919
k12-1159,AV267924
k13-013,AV268253
k13-026,AV268316
k13-027,AV268338
k13-052,AV268551
k13-061,AV268608
k13-062,AV268612
k13-090,AV268661
k13-126,AV268702
k13-128,AV268704
k13-129,AV268708
k13-130,AV268710
k13-170,AV269339
k13-184,AV269561
k13-185,AV269564
k13-186,AV269565
k13-207,AV269761
k13-208,AV269762
k13-214,AV269890
k13-248,AV270126
k13-266,AV270322
k13-267,AV270323
k13-063,AV368614
k13-064,AV368615
k13-091,AV368662
k13-137,AV368721
k13-138,AV368722
13-149,AV368908
k13-150,AV368909
k13-151,AV368910
k13-152,AV368911
k13-156,AV368931
k13-157,AV368967
k13-171,AV369415
k13-176,AV369421
k13-177,AV369422
,
"AltID (""K-Number"")","PO Number (""Contract Number"""
k13-197,AV369627
k13-199,AV369629
k13-209,AV369763
k13-228,AV370013
k13-230,AV370015
k13-251,AV370136
k13-246,AV370139
k13-253,AV370143
k13-268,AV370324
k13-269,AV370325
k13-272,AV370341
k13-277,AV370394
k13-368,AV370933
k13-371,AV370951
k13-376,AV370964
k13-376,AV370967
k13-384,AV370982
k13-385,AV370983
k13-395,AV371109
k13-433,AV371552
k13-520,AV372442
k13-527,AV372516
k13-555,AV372842
k13-568,AV372900
k13-598,AV373234
k13-599,AV373323
k13-698,AV374359
k13-699,AV374360
k13-702,AV374363
k13-703,AV374364
k13-705,AV374366
k13-709,AV374379
k13-710,AV374382
K13-740,AV374777
K13-765,AV374964
K13-766,AV374965
K13-767,AV374967
Mk13-816,AV375662
K13-817,AV375684
k13-854,AV376013
k13-458,AV376232
Mk13-889,AV376307
k13-913,AV376573
k13-914,AV376636
k13-924,AV376724
k13-925,AV376725
,
"AltID (""K-Number"")","PO Number (""Contract Number"""
k13-929,AV376730
k13-930,AV376731
k13-932,AV376733
k13-933,AV376734
k13-934,AV376735
k13-945,AV376946
k13-946,AV376947
k13-947,AV376948
k13-948,AV376949
k13-996,AV377466
k13-1139,AV377583
k13-1140,AV377584
k13-1141,AV377585
k13-1142,AV377586
k13-1144,AV377589
k13-1152,AV377605
k13-1163,AV377733
k13-1164,AV377734
k13-1170,AV377747
k13-1174,AV377766
k13-1175,AV377767
k13-1176,AV377768
k13-1177,AV377769
k13-1203,AV378199
k13-1204,AV378201
k13-1205,AV378274
k13-1231,AV378500
k13-1256,AV378865
k13-1274,AV379040
k13-1311,AV379236
k13-1311,AV379237
k13-1324,AV379285
k13-1325,AV379286
k13-1357,AV379545
k13-1358,AV379549
k13-1375,AV379602
k13-1376,AV379603
k13-1378,AV379605
k13-1379,AV379606
13-1401,AV379807
k13-1407,AV379825
k13-1410,AV379828
k13-1412,AV379830
k13-1413,AV379831
K13-1415,AV379841
k14-036,AV380531
,
"AltID (""K-Number"")","PO Number (""Contract Number"""
k14-047,AV380714
k14-075,AV380963
k13-1323,AV479279
k13-1374,AV479601
k14-061,AV480862
14-076,AV480964
k14-087,AV481183
k14-088,AV481204
k14-089,AV481207
k14-090,AV481223
k14-097,AV481291
k14-150,AV481867
k14-174,AV482018
k14-184,AV482195
k14-185,AV482196
k14-188,AV482223
k14-228,AV482640
mk14-232,AV482665
mk14-230,AV482666
mk14-231,AV482667
k14-249,AV482808
k14-257,AV482921
k14-294,AV483245
k14-349,AV483633
k14-351,AV483637
k14-357,AV483643
k14-359,AV483649
k14-360,AV483652
k14-361,AV483659
k14-362,AV483661
k14-366,AV483688
k14-367,AV483689
k14-393,AV483929
k14-417,AV484201
k14-441,AV484524
k14-444,AV484558
k14-520,AV485061
k14-521,AV485062
k14-529,AV485159
k14-532,AV485207
k14-533,AV485208
k14-534,AV485209
k14-535,AV485210
k14-540,AV485220
k14-544,AV485224
k14-564,AV485392
,
"AltID (""K-Number"")","PO Number (""Contract Number"""
k14-565,AV485393
k14-566,AV485394
k14-574,AV485533
k14-611,AV485810
k14-619,AV485952
k14-620,AV485953
k14-624,AV485981
k14-625,AV485983
k14-626,AV485986
k14-632,AV486024
k14-663,AV486592
k14-664,AV486594
k14-673,AV486647
k14-673,AV486647
k14-711,AV486870
k14-736,AV487019
k14-754,AV487176
k14-755,AV487177
k14-762,AV487256
k14-774,AV487356
k14-775,AV487357
k14-778,AV487379
k14-780,AV487405
k14-783,AV487436
k14-785,AV487497
k14-795,AV487622
k14-802,AV487886
k14-803,AV487891
k14-804,AV487892
k14-805,AV487893
k14-806,AV487904
k14-811,AV487926
k14-819,AV487954
k14-839,AV488047
k14-862,AV488196
k14-869,AV488387
k14-889,AV488631
k14-890,AV488632
k14-977,AV489044
k14-982,AV489057
k14-983,AV489080
k14-984,AV489081
k14-988,AV489102
k14-989,AV489104
k14-994,AV489109
k14-999,AV489156
,
"AltID (""K-Number"")","PO Number (""Contract Number"""
k14-998,AV489159
k14-1004,AV489182
k14-1012,AV489298
k14-1013,AV489300
k14-1014,AV489301
k14-1027,AV489601
k14-1050,AV489686
k14-1051,AV489687
k14-1057,AV489714
k14-1061,AV489720
k14-1063,AV489747
k14-1064,AV489764
k14-1066,AV489793
k14-1067,AV489803
k14-1069,AV489846
k14-1072,AV489889
k14-1073,AV489890
k14-1074,AV489891
k14-1075,AV489892
k14-1076,AV489896
k14-1077,AV489897
k14-1078,AV489898
k14-1080,AV489901
k14-1087,AV489903
k14-1085,AV489920
k14-1100,AV490023
k14-1111,AV490056
k14-1108,AV490062
k14-1133,AV490323
k14-1153,AV490524
k14-1155,AV490559
k14-1159,AV490646
k14-1223,AV490794
k14-1232,AV490881
k14-1287,AV491382
,BC152459
,BC152522
,BC152523
,BC152701
,BC153255
,BC153347
,BC153619
,BC153927
,BC153984
,BC154134
,BC154204
,
"AltID (""K-Number"")","PO Number (""Contract Number"""
,BC154731
,BC154732
,BC154799
,BC154800
,BC154883
,BC156830
,BC257565
K12-191,BC258698
K12-400,BC260979
K12-526,BC262156
K12-587,BC262768
k12-1024,BC266741
k12-1041,BC266921
k12-1047,BC266934
k12-1116,BC267538
k13-067,BC368619
k13-169,BC369186
k13-273,BC370345
k13-353,BC370880
k13-586,BC373076
k13-588,BC373095
k13-589,BC373097
k13-592,BC373162
k13-622,BC373403
K13-782,BC375126
k13-1199,BC378160
mk13-1232,BC378729
K13-1420,BC379899
k14-012,BC380333
k14-107,BC481456
k14-438,BC484519
k14-448,BC484562
K14-506,BC484831
K14-475,BC484833
k14-490,BC484945
k14-649,BC486242
k14-653,BC486256
k14-702,BC486816
k14-965,BC488999
k14-966,BC489000
Mk14-1055,BC489956
k14-1093,BC489980
k14-1109,BC490063
k14-1127,BC490257
,BL152625
,BL152684
,
"AltID (""K-Number"")","PO Number (""Contract Number"""
,BL152685
,BL152791
,BL152847
,BL153052
,BL153069
,BL155370
K12-051,BL157487
K12-083,BL157575
K12-546,BL262433
K12-548,BL262448
K12-549,BL262449
K12-582,BL262761
K12-611,BL262773
K12-612,BL262774
K12-613,BL262775
K12-614,BL262776
K12-615,BL262777
K12-616,BL262778
k12-899,BL265407
k12-1044,BL266924
k12-1127,BL267559
k12-1162,BL267930
K13-119,BL268681
k13-436,BL371584
k13-496,BL372214
k13-593,BL373163
k13-594,BL373164
k13-621,BL373402
k13-804,BL375470
mk13-895,BL377885
k13-1237,BL378682
k13-1260,BL378879
k13-1398,BL379803
k14-019,BL480375
K14-030,BL480437
k14-077,BL481043
k14-083,BL481122
k14-553,BL485324
k14-555,BL485351
k14-556,BL485364
k14-617,BL485935
k14-633,BL486081
k14-698,BL486785
k14-732,BL487001
Mk14-739,BL487380
k14-810,BL487925
,
"AltID (""K-Number"")","PO Number (""Contract Number"""
k14-894,BL488639
k14-924,BL488718
k14-925,BL488719
k14-926,BL488765
k14-1003,BL489174
k14-1034,BL489599
k14-1037,BL489621
,BR156269
,BR157025
12-043,BR257181
12-043,BR257181
k12-407,BR261031
k12-981,BR266376
k13-012,BR268240
k13-529,BR272575
mk13-141,BR368913
k13-590,BR373098
k13-591,BR373099
k13-722,BR374473
mk13-851,BR376145
mk13-1158,BR378684
k13-1360,BR479560
k13-1133,BR481466
k14-240,BR482712
k14-422,BR484237
k14-794,BR487590
k14-838,BR488046
,CA151859
,CA151879
,CA151887
,CA151896
,CA151900
,CA152281
,CA152696
,CA153195
,CA153239
,CA153541
,CA153562
,CA153568
,CA153573
,CA153700
,CA153724
,CA153739
,CA153787
,CA153811
,CA153843
,
"AltID (""K-Number"")","PO Number (""Contract Number"""
,CA153845
,CA153853
,CA153854
,CA153855
,CA153857
,CA153858
,CA153861
,CA153864
,CA153889
,CA153901
,CA153903
,CA153958
,CA153991
,CA153994
,CA153999
,CA154000
,CA154064
,CA154077
,CA154078
,CA154176
,CA154219
,CA154260
,CA154275
,CA154322
,CA154329
,CA154459
,CA154462
,CA154502
,CA154506
,CA154507
,CA154509
,CA154587
,CA154596
,CA154611
,CA154623
,CA154695
,CA154704
,CA154784
,CA154807
,CA154813
,CA154828
,CA154830
,CA154832
,CA154834
,CA154835
,CA154837
,
"AltID (""K-Number"")","PO Number (""Contract Number"""
,CA154845
,CA154877
,CA154964
,CA154968
,CA154969
,CA154986
,CA154987
,CA155041
,CA155052
,CA155065
,CA155080
,CA155135
,CA155136
,CA257064
K12-047,CA257494
k 12-382,CA260747
k 12-385,CA260756
K12-392,CA260847
K12-502,CA262155
,CA262518
K12-551,CA262772
k 12-697,CA263765
k12-902,CA265429
k12-1000,CA266475
k13-059,CA368566
k13-211,CA369867
k13-218,CA369909
k13-276,CA370349
Mk13-312,CA370730
k13-421,CA371477
k13-457,CA371799
mk13-460,CA372034
k13-484,CA372107
k13-625,CA373448
k13-645,CA373743
K13-786,CA375167
k13-820,CA375695
k13-886,CA376264
k13-911,CA376571
k13-1322,CA379277
k13-1373,CA379600
K13-1447,CA380124
k13-1367,CA479589
k14-149,CA481865
k14-205,CA482346
k14-410,CA484042
,
"AltID (""K-Number"")","PO Number (""Contract Number"""
k14-497,CA484953
k14-498,CA484958
k14-1028,CA489592
k14-1150,CA490446
,CD152682
,CD152900
,CD153937
,CD153960
,CD153962
,CD155931
,CD157117
k12-1068,CD267048
k12-1069,CD267049
k12-1089,CD267317
k13-226,CD370011
k13-434,CD371570
k14-072,CD480952
k14-073,CD480954
k14-074,CD480956
k14-265,CD483066
k14-695,CD486734
,CI152220
,CI152221
,CI152276
,CI152431
,CI152435
,CI152438
,CI152440
,CI152441
,CI152442
,CI152444
,CI152445
,CI152447
,CI152448
,CI152449
,CI152450
,CI152451
,CI152496
,CI152548
,CI152549
,CI152550
,CI152551
,CI152552
,CI152553
,CI152554
,CI152555
,
"AltID (""K-Number"")","PO Number (""Contract Number"""
,CI152556
,CI152557
,CI152558
,CI152559
,CI152560
,CI152561
,CI152562
,CI152652
,CI152653
,CI152697
,CI152698
,CI152699
,CI152700
,CI152711
,CI152724
,CI152725
,CI152726
,CI152727
,CI152728
,CI152729
,CI152730
,CI152731
,CI152732
,CI152733
,CI152734
,CI152735
,CI152736
,CI152737
,CI152743
,CI152746
,CI152747
,CI152751
,CI152755
,CI152762
,CI152769
,CI152772
,CI152777
,CI152778
,CI152780
,CI152782
,CI152783
,CI152784
,CI152785
,CI152787
,CI152788
,CI152816
,
"AltID (""K-Number"")","PO Number (""Contract Number"""
,CI152817
,CI152818
,CI152820
,CI152824
,CI152825
,CI152826
,CI152827
,CI152830
,CI152836
,CI152840
,CI152852
,CI152854
,CI152855
,CI152856
,CI152858
,CI152859
,CI152864
,CI152869
,CI152872
,CI152881
,CI152882
,CI152884
,CI152886
,CI152888
,CI152889
,CI152890
,CI152891
,CI152892
,CI152895
,CI152896
,CI152897
,CI152899
,CI152932
,CI152935
,CI152942
,CI152943
,CI152945
,CI152946
,CI152952
,CI152964
,CI152971
,CI152979
,CI152983
,CI153008
,CI153009
,CI153012
,
"AltID (""K-Number"")","PO Number (""Contract Number"""
,CI153013
,CI153014
,CI153015
,CI153022
,CI153041
,CI153042
,CI153043
,CI153051
,CI153057
,CI153061
,CI153064
,CI153076
,CI153077
,CI153078
,CI153079
,CI153080
,CI153083
,CI153085
,CI153087
,CI153088
,CI153089
,CI153090
,CI153092
,CI153093
,CI153096
,CI153098
,CI153099
,CI153100
,CI153102
,CI153104
,CI153106
,CI153107
,CI153108
,CI153109
,CI153112
,CI153113
,CI153114
,CI153115
,CI153116
,CI153118
,CI153119
,CI153120
,CI153121
,CI153136
,CI153137
,CI153138
,
"AltID (""K-Number"")","PO Number (""Contract Number"""
,CI153147
,CI153148
,CI153150
,CI153154
,CI153155
,CI153156
,CI153157
,CI153158
,CI153167
,CI153169
,CI153170
,CI153175
,CI153176
,CI153179
,CI153183
,CI153184
,CI153186
,CI153187
,CI153188
,CI153191
,CI153192
,CI153193
,CI153194
,CI153200
,CI153202
,CI153204
,CI153206
,CI153207
,CI153208
,CI153209
,CI153215
,CI153227
,CI153228
,CI153229
,CI153230
,CI153231
,CI153233
,CI153234
,CI153235
,CI153242
,CI153244
,CI153246
,CI153248
,CI153252
,CI153253
,CI153259
,
"AltID (""K-Number"")","PO Number (""Contract Number"""
,CI153260
,CI153261
,CI153264
,CI153265
,CI153266
,CI153267
,CI153271
,CI153272
,CI153273
,CI153275
,CI153282
,CI153283
,CI153284
,CI153285
,CI153286
,CI153287
,CI153291
,CI153292
,CI153293
,CI153295
,CI153296
,CI153298
,CI153300
,CI153306
,CI153307
,CI153310
,CI153311
,CI153312
,CI153315
,CI153316
,CI153317
,CI153319
,CI153330
,CI153336
,CI153337
,CI153338
,CI153357
,CI153363
,CI153364
,CI153365
,CI153368
,CI153369
,CI153370
,CI153371
,CI153372
,CI153393
,
"AltID (""K-Number"")","PO Number (""Contract Number"""
,CI153407
,CI153410
,CI153411
,CI153412
,CI153415
,CI153416
,CI153417
,CI153418
,CI153419
,CI153420
,CI153421
,CI153422
,CI153425
,CI153427
,CI153433
,CI153434
,CI153435
,CI153437
,CI153438
,CI153485
,CI153486
,CI153507
,CI153547
,CI153554
,CI153570
,CI153583
,CI153618
,CI153636
,CI153648
,CI153649
,CI153656
,CI153660
,CI153684
,CI153792
,CI153847
,CI153867
,CI153873
,CI153876
,CI153905
,CI153912
,CI153920
,CI153924
,CI153925
,CI153939
,CI153940
,CI153941
,
"AltID (""K-Number"")","PO Number (""Contract Number"""
,CI153959
,CI153963
,CI153982
,CI153986
,CI153987
,CI153995
,CI154003
,CI154007
,CI154008
,CI154012
,CI154014
,CI154041
,CI154045
,CI154076
,CI154120
,CI154131
,CI154145
,CI154152
,CI154171
,CI154172
,CI154173
,CI154174
,CI154177
,CI154178
,CI154179
,CI154181
,CI154182
,CI154183
,CI154185
,CI154186
,CI154187
,CI154189
,CI154191
,CI154192
,CI154193
,CI154221
,CI154222
,CI154223
,CI154227
,CI154229
,CI154231
,CI154232
,CI154234
,CI154264
,CI154265
,CI154308
,
"AltID (""K-Number"")","PO Number (""Contract Number"""
,CI154313
,CI154316
,CI154320
,CI154334
,CI154335
,CI154346
,CI154347
,CI154348
,CI154468
,CI154470
,CI154476
,CI154478
,CI154482
,CI154499
,CI154500
,CI154510
,CI154576
,CI154578
,CI154579
,CI154584
,CI154590
,CI154592
,CI154593
,CI154595
,CI154598
,CI154610
,CI154618
,CI154619
,CI154624
,CI154651
,CI154685
,CI154686
,CI154691
,CI154702
,CI154734
,CI154740
,CI154791
,CI154808
,CI154841
,CI154881
,CI154954
,CI154955
,CI154962
,CI154965
,CI154966
,CI154967
,
"AltID (""K-Number"")","PO Number (""Contract Number"""
,CI154995
,CI154997
,CI155025
,CI155028
,CI155036
,CI155048
,CI155057
,CI155066
,CI155067
,CI155075
,CI155076
,CI155077
,CI155088
,CI155089
,CI155112
,CI155165
,CI155312
,CI155313
,CI155369
,CI155381
,CI155384
,CI155473
,CI155612
,CI155613
,CI155719
,CI155755
,CI155938
,CI156441
,CI156442
,CI156443
,CI156619
,CI156669
,CI156671
,CI156720
,CI156729
,CI156839
,CI156840
,CI156879
,CI156900
,CI156935
k11,CI157014
,CI157026
,CI157027
,CI157028
,CI257011
,CI257013
,
"AltID (""K-Number"")","PO Number (""Contract Number"""
,CI257046
,CI257047
,CI257049
,CI257051
,CI257054
,CI257066
,CI257151
K12-058,CI257496
K12-099,CI257887
K12-101,CI257890
K12-123,CI258178
K12-167,CI258533
K11-659,CI258811
K12-219,CI259249
K12-220,CI259250
K12-221,CI259252
K12-234,CI259431
K11-662,CI259934
K12-301,CI260271
K12-305,CI260328
K12-306,CI260329
K12-328,CI260466
K12-329,CI260467
K12-396,CI260974
K12-439,CI261471
K12-461,CI261574
K12-475,CI261760
K12-500,CI261982
K12-501,CI261983
K12-519,CI262114
K12-522,CI262151
K12-523,CI262152
K12-524,CI262153
K12-540,CI262293
K12-584,CI262765
K12-585,CI262766
K12-586,CI262767
K12-589,CI262770
K12-590,CI262771
K12-622,CI263026
K12-623,CI263027
K12-627,CI263097
K12-635,CI263141
K12-655,CI263467
K12-656,CI263468
K12-657,CI263507
,
"AltID (""K-Number"")","PO Number (""Contract Number"""
K12-658,CI263508
K12-672,CI263575
K12-673,CI263576
K12-684,CI263671
K12-722,CI263985
k12-738,CI264189
k12-760,CI264327
k12-761,CI264328
k12-787,CI264556
k12-815,CI264833
k12-829,CI264942
k12-830,CI264943
k12-855,CI265103
k12-866,CI265117
k12-870,CI265123
k12-901,CI265428
k12-908,CI265473
k12-909,CI265474
k12-914,CI265626
k12-906,CI265628
k12-918,CI265632
k12-867,CI265719
k12-933,CI265720
k12-940,CI265726
k12-941,CI265727
k12-960,CI266161
k12-963,CI266170
k12-974,CI266211
k12-978,CI266373
k12-992,CI266395
k12-1011,CI266512
k12-1031,CI266878
k12-1032,CI266879
k12-1034,CI266883
k12-1043,CI266923
k12-1048,CI266941
k12-1049,CI266942
k12-1052,CI266946
k12-1056,CI266950
k12-1057,CI266951
k12-1058,CI266952
k12-1067,CI267038
k12-1072,CI267083
k12-1073,CI267084
12-1093,CI267325
12-1094,CI267326
,
"AltID (""K-Number"")","PO Number (""Contract Number"""
12-1096,CI267328
Mk12-1077,CI267348
Mk12-1076,CI267349
k12-1105,CI267351
k12-1110,CI267394
k12-1113,CI267449
k12-1114,CI267450
k12-1115,CI267537
k12-1118,CI267541
k12-1119,CI267542
k12-1122,CI267551
k12-1124,CI267556
k12-1125,CI267557
k12-1126,CI267558
k12-1128,CI267564
k12-1134,CI267695
k12-1135,CI267696
k12-1136,CI267702
k12-1146,CI267781
k12-1147,CI267784
k12-1148,CI267786
Mk12-1152,CI268092
k13-032,CI268343
k13-036,CI268347
13-049,CI268431
k13-055,CI268557
k13-102,CI368672
k13-103,CI368673
k13-104,CI368674
k13-107,CI368677
k13-108,CI368678
k13-140,CI368776
k13-148,CI368869
mk13-143,CI368870
k13-195,CI369625
k13-196,CI369626
k13-201,CI369631
k13-202,CI369632
k13-220,CI369931
k13-231,CI370016
k13-235,CI370070
k13-247,CI370107
k13-258,CI370260
k13-260,CI370262
k13-261,CI370265
k13-274,CI370347
,
"AltID (""K-Number"")","PO Number (""Contract Number"""
k13-283,CI370529
k13-286,CI370532
k13-309,CI370611
k13-337,CI370735
k13-361,CI370895
k13-362,CI370896
k13-363,CI370897
k13-364,CI370916
k13-378,CI370976
k13-406,CI371224
k13-407,CI371225
k13-408,CI371226
k13-429,CI371547
k13-432,CI371551
k13-450,CI371695
k13-479,CI372094
k13-482,CI372103
k13-508,CI372390
k13-509,CI372395
k13-511,CI372401
k13-513,CI372408
k13-518,CI372420
k13-523,CI372455
k13-552,CI372839
k13-559,CI372855
k13-585,CI373075
k13-587,CI373080
k13-606,CI373342
k13-607,CI373344
k13-609,CI373345
k13-624,CI373447
k13-633,CI373484
k13-650,CI373802
k13-654,CI373834
k13-656,CI373836
k13-670,CI373945
k13-671,CI373946
k13-693,CI374346
k13-695,CI374356
k13-696,CI374357
k13-714,CI374389
K13-758,CI374922
K13-759,CI374923
K13-770,CI375083
K13-774,CI375084
K13-791,CI375303
,
"AltID (""K-Number"")","PO Number (""Contract Number"""
mk13-793,CI375384
K13-807,CI375501
k13-808,CI375505
k13-813,CI375524
k13-829,CI375731
Mk13-815,CI375852
k13-841,CI375856
k13-842,CI375857
k13-862,CI376066
k13-875,CI376147
k13-880,CI376163
mk13-876,CI376716
k13-936,CI376839
k13-939,CI376850
k13-953,CI376954
k13-955,CI377015
k13-971,CI377126
k13-975,CI377184
k13-976,CI377186
k13-977,CI377188
k13-978,CI377189
k13-1153,CI377609
k13-1154,CI377615
k13-1207,CI378293
k13-1208,CI378294
k13-1217,CI378382
k13-1220,CI378428
k13-1241,CI378728
k13-1296,CI379122
k13-1297,CI379123
k13-1298,CI379124
k13-1299,CI379125
k13-1327,CI379288
k13-1363,CI379581
k13-1366,CI379588
k13-1391,CI379732
k13-1399,CI379805
k13-1400,CI379806
mk13-1417,CI379891
mk13-1418,CI379892
mk13-1416,CI379893
k14-003,CI380167
k14-034,CI480529
k14-035,CI480530
k14-046,CI480646
Mk14-063,CI481042
,
"AltID (""K-Number"")","PO Number (""Contract Number"""
k14-081,CI481051
k14-086,CI481182
k14-100,CI481348
k14-103,CI481366
k14-104,CI481367
k14-109,CI481467
k14-139,CI481816
k14-140,CI481826
Mk14-128,CI481952
k14-162,CI481956
k14-164,CI481958
k14-169,CI481969
k14-179,CI482034
k14-180,CI482036
k14-181,CI482037
k14-211,CI482373
k14-213,CI482380
k14-239,CI482708
k14-268,CI483080
k14-270,CI483090
k14-271,CI483093
k14-276,CI483132
k14-280,CI483227
k14-341,CI483588
k14-350,CI483635
k14-400,CI483982
k14-403,CI483996
Mk14-380,CI484039
k14-440,CI484521
14-452,CI484599
K14-470,CI484815
K14-471,CI484816
K14-476,CI484820
K14-478,CI484849
k14-554,CI485347
k14-559,CI485377
k14-563,CI485391
k14-578,CI485590
k14-584,CI485608
k14-585,CI485609
k14-590,CI485619
k14-595,CI485646
k14-598,CI485675
k14-605,CI485718
Mk14-610,CI485828
k14-614,CI485829
,
"AltID (""K-Number"")","PO Number (""Contract Number"""
k14-658,CI486284
k14-689,CI486677
k14-697,CI486736
k14-701,CI486812
k14-722,CI486917
k14-753,CI487175
k14-767,CI487273
k14-786,CI487498
k14-829,CI487992
k14-830,CI487993
k14-831,CI487994
k14-833,CI487997
k14-846,CI488070
k14-851,CI488140
k14-856,CI488184
k14-865,CI488273
k14-868,CI488386
k14-871,CI488389
k14-873,CI488436
k14-874,CI488440
k14-923,CI488717
k14-974,CI489034
k14-1000,CI489124
k14-1005,CI489190
k14-1006,CI489191
k14-1084,CI489918
k14-1102,CI490052
k14-1135,CI490325
k14-1137,CI490327
Mk14-1129,CI490443
k14-1149,CI490445
k14-1162,CI490653
k14-1163,CI490654
k14-1228,CI490871
k14-1259,CI491127
k14-1261,CI491156
k14-1276,CI491248
k14-1278,CI491250
k14-1279,CI491251
k14-1281,CI491376
k14-1283,CI491378
k14-1291,CI491429
k14-1295,CI491475
k14-1330,CI491809
k14-1335,CI491893
,CJ155504
,
"AltID (""K-Number"")","PO Number (""Contract Number"""
K12-108,CJ257933
K12-110,CJ257935
K12-196,CJ258834
K12-242,CJ259501
,CJ259931
,CJ259932
k12-1021,CJ266653
k13-016,CJ268260
k13-225,CJ270008
k13-287,CJ370533
k13-391,CJ371008
k13-799,CJ375425
k14-266,CJ483078
Mk14-340,CJ483648
k14-496,CJ484952
k14-615,CJ485830
k14-684,CJ486665
k14-705,CJ486823
k14-832,CJ487996
k14-991,CJ489106
k14-1138,CJ490329
k14-1240,CJ490917
k14-1271,CJ491232
k15-010,CJ592055
k15-044,CJ592757
K12-061,CL260007
k 12-414,CL261050
k 12-453,CL261539
k 12-608,CL262850
k 12-662,CL263512
k12-1007,CL266485
k12-1150,CL267845
k12-1151,CL267846
k12-1153,CL267851
k12-1154,CL267852
k12-1156,CL267915
k13-028,CL368339
k13-069,CL368621
k13-076,CL368631
k13-077,CL368632
k13-175,CL369420
k13-204,CL369678
k13-370,CL370939
k13-447,CL371689
k13-452,CL371721
k13-453,CL371722
,
"AltID (""K-Number"")","PO Number (""Contract Number"""
k13-454,CL371723
k13-456,CL371790
k13-504,CL372329
k13-531,CL372657
k13-865,CL376081
k13-1134,CL377561
k13-1259,CL378876
k13-1362,CL479579
k13-1364,CL479583
k13-1368,CL479591
k13-1369,CL479594
k13-1371,CL479597
k14-001,CL480163
k14-002,CL480164
k14-004,CL480168
k14-060,CL480861
k14-101,CL481363
k14-201,CL482267
k14-223,CL482634
k14-224,CL482635
k14-250,CL482863
k14-256,CL482909
k14-258,CL482966
k14-373,CL483781
k14-374,CL483782
k14-431,CL484426
k14-460,CL484682
k14-635,CL486134
k14-662,CL486536
k14-768,CL487274
k14-800,CL487872
k14-1046,CL489644
k14-1065,CL489778
,CP151901
,CP152487
,CP153045
,CP153331
,CP153484
,CP153800
,CP154973
k 12-493,CP261814
K13-779,CP375116
K13-780,CP375124
,CS152257
,CS152336
,CS152337
,
"AltID (""K-Number"")","PO Number (""Contract Number"""
,CS152338
,CS152492
,CS152493
,CS152494
,CS152570
,CS152571
,CS152574
,CS152723
,CS152810
,CS152835
,CS153210
,CS153218
,CS153240
,CS153335
,CS153404
,CS153430
,CS153479
,CS153489
,CS153801
,CS153913
,CS154793
,CS154848
,CS155006
,CS155043
,CS156657
,CS257063
K11-675,CS257775
K12-255,CS259654
K12-256,CS259655
K12-270,CS259881
K12-276,CS259935
K12-282,CS259945
k 12-387,CS260758
k12-1111,CS267399
k12-1140,CS267725
k12-1141,CS267727
k13-252,CS370142
k13-255,CS370146
k13-264,CS370272
k13-567,CS372887
k13-856,CS376019
k13-870,CS376132
k13-1230,CS378499
k13-1397,CS379801
k13-1449,CS380132
k14-068,CS380917
,
"AltID (""K-Number"")","PO Number (""Contract Number"""
k14-084,CS481180
k14-212,CS482379
k14-218,CS482524
k14-221,CS482546
k14-434,CS484475
k14-449,CS484563
k14-455,CS484603
k14-514,CS485021
k14-1231,CS490874
,DI151867
,DI151868
,DI151869
,DI151870
,DI151871
,DI151872
,DI151874
,DI151883
,DI151893
,DI151897
,DI151902
,DI151903
,DI151904
,DI151905
,DI151906
,DI151907
,DI151909
,DI151910
,DI151911
,DI151912
,DI151913
,DI151914
,DI151915
,DI151916
,DI151917
,DI151918
,DI151919
,DI151920
,DI151921
,DI151922
,DI151923
,DI151924
,DI151926
,DI151930
,DI151931
,DI151937
,DI151944
,
"AltID (""K-Number"")","PO Number (""Contract Number"""
,DI151947
,DI151948
,DI151949
,DI151950
,DI151952
,DI151953
,DI151954
,DI151973
,DI151974
,DI152222
,DI152223
,DI152253
,DI152254
,DI152255
,DI152287
,DI152288
,DI152304
,DI152308
,DI152309
,DI152310
,DI152330
,DI152461
,DI152464
,DI152465
,DI152467
,DI152468
,DI152469
,DI152470
,DI152483
,DI152484
,DI152485
,DI152505
,DI152507
,DI152508
,DI152509
,DI152510
,DI152511
,DI152513
,DI152515
,DI152533
,DI152534
,DI152577
,DI152606
,DI152921
,DI153344
,DI153487
,
"AltID (""K-Number"")","PO Number (""Contract Number"""
,DI153491
,DI153493
,DI153503
,DI153539
,DI153544
,DI153571
,DI153578
,DI153803
,DI153805
,DI153807
,DI153808
,DI153810
,DI153813
,DI153814
,DI153815
,DI153819
,DI153822
,DI153827
,DI153828
,DI153829
,DI153831
,DI153833
,DI153834
,DI153838
,DI153840
,DI153841
,DI153852
,DI153866
,DI153891
,DI153892
,DI153909
,DI153910
,DI153911
,DI153917
,DI153919
,DI154125
,DI154248
,DI154301
,DI154306
,DI154703
,DI154810
,DI155027
,DI155033
,DI155172
,DI155173
,DI155940
,
"AltID (""K-Number"")","PO Number (""Contract Number"""
,DI155956
,DI155957
,DI156455
,DI156620
,DI156724
,DI156730
K12-205,DI259002
K12-206,DI259011
K12-209,DI259037
K12-253,DI259648
k 12-296,DI260252
k12-624,DI263034
K12651,DI263353
k12-708,DI263844
k12-734,DI264177
k12-919,DI265638
k12-937,DI265716
Mk13-025,DI368348
k13-299,DI370589
k13-343,DI370767
k13-451,DI371698
k13-461,DI371895
k13-691,DI374323
K13-751,DI374909
K13-781,DI375125
k13-1295,DI379121
MK13-1228,DI379245
,DI379294
k14-204,DI482310
k14-596,DI485647
k14-613,DI485826
k14-650,DI486243
k14-661,DI486535
k14-1079,DI489899
k14-1083,DI489907
k14-1116,DI490097
,DM156072
,ED153221
,ED153301
,ED153351
,ED153480
,ED153623
,ED153625
,ED153717
,ED153786
,ED154327
,
"AltID (""K-Number"")","PO Number (""Contract Number"""
,ED154606
,ED154608
,ED154809
,ED154849
,ED155054
,ED155142
,ED155669
K 12-295,ED260247
k 12-490,ED261802
k 12-491,ED261803
k 12-492,ED261811
k 12-494,ED261833
k 12-503,ED261992
k 12-504,ED261993
k 12-509,ED262086
12-510,ED262087
k 12-511,ED262089
,ED262097
k 12-609,ED262826
k 12-591,ED262827
k 12-592,ED262828
k 12-593,ED262830
k 12-594,ED262831
k 12-595,ED262834
k 12-596,ED262835
k 12-605,ED262847
k 12-607,ED262849
k 12-631,ED263118
k 12-634,ED263132
k 12-639,ED263245
k 12-650,ED263352
k 12-687,ED263675
k 12-688,ED263677
k 12-689,ED263681
k 12-690,ED263683
k12-757,ED264295
k12-809,ED264811
k12-982,ED266377
k12-1026,ED266843
13-011,ED268229
k13-015,ED268259
k13-351,ED370874
k13-358,ED370886
k13-544,ED372754
k13-700,ED374361
k13-701,ED374362
,
"AltID (""K-Number"")","PO Number (""Contract Number"""
k13-704,ED374365
k13-708,ED374377
K13-744,ED374885
k13-916,ED376702
k13-961,ED377115
k13-962,ED377116
k13-963,ED377117
k13-964,ED377118
k13-1173,ED377765
k13-1183,ED377884
K13-1245,ED378776
k13-1267,ED378928
k13-1268,ED378929
k13-1269,ED378930
k13-1270,ED378931
k13-1272,ED379018
k13-1365,ED379585
k14-217,ED482420
k14-244,ED482725
k14-292,ED483231
k14-461,ED484699
k14-491,ED484946
k14-501,ED484964
k14-567,ED485395
k14-599,ED485676
k14-756,ED487178
k14-1018,ED489411
k14-1021,ED489423
k14-1270,ED491225
k14-1296,ED591476
k14-1298,ED591489
,FC152898
,FC153494
,FC153496
,FC153499
,FC153504
,FC153505
,FC153509
,FC153510
,FC153515
,FC153552
,FC153564
,FC153565
,FC153566
,FC153569
,FC153629
,
"AltID (""K-Number"")","PO Number (""Contract Number"""
,FC153630
,FC153631
,FC153633
,FC153635
,FC153655
,FC153672
,FC153674
,FC153675
,FC153699
,FC153721
,FC153723
,FC153741
,FC153754
,FC153760
,FC153761
,FC153772
,FC153774
,FC153776
,FC153778
,FC153785
,FC153795
,FC153804
,FC153806
,FC153809
,FC153824
,FC153837
,FC153914
,FC153931
,FC153932
,FC153934
,FC153966
,FC153969
,FC153972
,FC153973
,FC153975
,FC153985
,FC153988
,FC153989
,FC154002
,FC154016
,FC154018
,FC154019
,FC154020
,FC154021
,FC154026
,FC154054
,
"AltID (""K-Number"")","PO Number (""Contract Number"""
,FC154070
,FC154153
,FC154160
,FC154161
,FC154165
,FC154206
,FC154235
,FC154237
,FC154242
,FC154258
,FC154268
,FC154270
,FC154271
,FC154318
,FC154323
,FC154325
,FC154326
,FC154328
,FC154333
,FC154452
,FC154455
,FC154492
,FC154534
,FC154569
,FC154570
,FC154571
,FC154589
,FC154594
,FC154601
,FC154607
,FC154622
,FC154630
,FC154635
,FC154636
,FC154637
,FC154639
,FC154640
,FC154647
,FC154655
,FC154683
,FC154700
,FC154701
,FC154729
,FC154840
,FC154852
,FC154854
,
"AltID (""K-Number"")","PO Number (""Contract Number"""
,FC154913
,FC154956
,FC154980
,FC155034
,FC155035
,FC155084
,FC155382
,FC155934
K12-175,FC258667
K12-217,FC259155
K12-218,FC259189
K 12-298,FC260257
k 12-299,FC260258
k12-447,FC261492
k12-447,FC261492
k12-718,FC263965
k12-947,FC265954
k12-976,FC266273
Mk12-1085,FC267369
k13-455,FC371725
mk13-571,FC373027
k13-803,FC375469
K13-810,FC375510
k13-825,FC375703
k13-828,FC375727
Mk13-265,FC378209
mk13-907,FC379493
k14-178,FC482032
k14-243,FC482722
k14-655,FC486274
k14-888,FC488630
Mk14-1315,FC491871
,FD152705
,FD152706
,FD152709
,FD152838
,FD152967
,FD153084
,FD153392
,FD153736
,FD153879
,FD153883
,FD153904
,FD154006
,FD154303
,FD154497
,
"AltID (""K-Number"")","PO Number (""Contract Number"""
,FD154503
,FD154696
,FD154998
,FD155024
,FD155049
,FD155051
,FD155143
k12-374,FD160662
K12-187,FD258693
K12-278,FD259937
K12-279,FD259938
K12-280,FD259940
K12-714,FD263879
K12-715,FD263881
k12-927,FD265705
k13-034,FD268345
k13-035,FD268346
k13-627,FD373459
K13-775,FD375085
k13-1184,FD377886
k13-1234,FD378633
k13-1392,FD379733
k14-163,FD481957
k14-437,FD484518
k14-657,FD486281
k14-730,FD486993
k14-1125,FD490234
,FI152415
,FI152416
,FI152417
,FI152418
,FI152419
,FI152420
,FI152421
,FI152422
,FI152423
,FI152424
,FI152425
,FI152714
,FI152986
,FI152990
,FI153016
,FI153017
,FI153019
,FI153021
,FI153086
,
"AltID (""K-Number"")","PO Number (""Contract Number"""
,FI153110
,FI153250
,FI153256
,FI153262
,FI153268
,FI153360
,FI153373
,FI153482
,FI153483
,FI153488
,FI153543
,FI153546
,FI153550
,FI153555
,FI153695
,FI153789
,FI153797
,FI153921
,FI154391
,FI154393
,FI154394
,FI154530
,FI154580
,FI154599
,FI154600
,FI154797
,FI154902
,FI154903
,FI154904
,FI154910
,FI154920
,FI154921
,FI154948
,FI154991
,FI155072
,FI155083
k 12-642,FI163262
,FI257490
K12-160,FI258468
k 12-417,FI261058
k 12-455,FI261551
k 12-534,FI262186
k 12-535,FI262187
k 12-597,FI262838
k 12-661,FI263511
k 12-663,FI263513
,
"AltID (""K-Number"")","PO Number (""Contract Number"""
K12-704,FI263807
K12-724,FI264013
K12-733,FI264176
k12-755,FI264285
k12-777,FI264542
k12-805,FI264717
k12-833,FI264954
k12-845,FI265004
k12-929,FI265707
k12-939,FI265718
k13-122,FI268698
k13-233,FI370062
k13-234,FI370063
k13-239,FI370082
k13-241,FI370090
k13-242,FI370095
k13-243,FI370098
k13-245,FI370102
k13-249,FI370127
k13-250,FI370129
k13-254,FI370145
k13-418,FI371452
k13-459,FI371881
k13-459,FI371881
k13-814,FI375536
k13-960,FI377114
k13-966,FI377120
k13-1160,FI377728
k13-1160,FI377728
k13-1386,FI379716
k13-1390,FI379724
k14-041,FI380549
k14-041,FI380549
k14-110,FI481532
k14-111,FI481533
k14-112,FI481539
k14-309,FI483328
k14-312,FI483334
k14-355,FI483641
k14-408,FI484026
Mk14-451,FI484680
k14-479,FI484851
k14-575,FI485534
k14-723,FI486918
k14-743,FI487140
k14-793,FI487589
,
"AltID (""K-Number"")","PO Number (""Contract Number"""
Mk14-787,FI487871
k14-812,FI487927
k14-854,FI488156
k14-854,FI488156
k14-854,FI488156
k14-880,FI488588
k14-927,FI488782
k14-1139,FI490330
K12-237,GP259481
K12-330,GP260468
k12-433,GP261273
k12-481,GP261789
k12-483,GP261792
k12-484,GP261793
k12-566,GP262024
k12-507,GP262025
k12-508,GP262026
k12-542,GP262295
k-12-580,GP262664
K12-712,GP263877
K12-717,GP263935
k12-861,GP265111
k12-862,GP265112
k12-865,GP265116
k12-895,GP265377
k12-938,GP265717
k12-952,GP266133
k12-1091,GP267319
k13-021,GP268270
k13-022,GP368271
k13-023,GP368272
k13-056,GP368561
k13-132,GP368714
k13-490,GP372123
k13-605,GP373340
k13-727,GP374654
k13-734,GP374664
k13-921,GP376715
k13-1240,GP378726
k13-1242,GP378749
k13-1329,GP379290
k13-1341,GP379329
k13-1342,GP379330
k14-050,GP480783
k14-102,GP481365
k14-108,GP481462
,
"AltID (""K-Number"")","PO Number (""Contract Number"""
k14-210,GP482372
k14-369,GP483699
k14-370,GP483700
k14-371,GP483711
k14-558,GP485366
k14-691,GP486681
k14-721,GP486916
k14-807,GP487905
k14-808,GP487910
k14-814,GP487931
k14-885,GP488602
k14-886,GP488607
k14-932,GP488951
k14-933,GP488983
k14-993,GP489108
k14-1114,GP490092
k14-1115,GP490096
14-1227,GP490869
k14-1238,GP490914
k14-1239,GP490915
,HD153232
,HD153506
,HD154574
,HL152259
,HL152260
,HL152261
,HL152262
,HL152263
,HL152265
,HL152269
,HL152272
,HL152273
,HL152285
,HL152300
,HL152301
,HL152302
,HL152317
,HL152321
,HL152322
,HL152324
,HL152327
,HL152453
,HL152454
,HL152514
,HL152520
,HL152524
,
"AltID (""K-Number"")","PO Number (""Contract Number"""
,HL152525
,HL152529
,HL152537
,HL152538
,HL152564
,HL152566
,HL152568
,HL152569
,HL152573
,HL152575
,HL152576
,HL152715
,HL152716
,HL152717
,HL152718
,HL152719
,HL152720
,HL152721
,HL152794
,HL152795
,HL152796
,HL152797
,HL152798
,HL152828
,HL152829
,HL152848
,HL152922
,HL152996
,HL153053
,HL153066
,HL153237
,HL153257
,HL153258
,HL153269
,HL153279
,HL153289
,HL153318
,HL153320
,HL153321
,HL153333
,HL153334
,HL153339
,HL153366
,HL153396
,HL153470
,HL153471
,
"AltID (""K-Number"")","PO Number (""Contract Number"""
,HL153472
,HL153474
,HL153475
,HL153481
,HL153508
,HL153511
,HL153512
,HL153514
,HL153516
,HL153517
,HL153518
,HL153519
,HL153536
,HL153542
,HL153563
,HL153580
,HL153652
,HL153712
,HL153765
,HL153766
,HL153767
,HL153770
,HL153842
,HL153844
,HL153848
,HL153849
,HL153850
,HL153890
,HL153942
,HL153957
,HL153978
,HL154051
,HL154103
,HL154106
,HL154122
,HL154196
,HL154198
,HL154200
,HL154202
,HL154240
,HL154245
,HL154246
,HL154263
,HL154277
,HL154278
,HL154310
,
"AltID (""K-Number"")","PO Number (""Contract Number"""
,HL154331
,HL154350
,HL154351
,HL154382
,HL154491
,HL154544
,HL154575
,HL154616
,HL154621
,HL154641
,HL154648
,HL154684
,HL154739
,HL154745
,HL154750
,HL154755
,HL154756
,HL154757
,HL154759
,HL154762
,HL154763
,HL154764
,HL154765
,HL154805
,HL154811
,HL154985
,HL155079
,HL155175
,HL155343
,HL155345
,HL155368
,HL155401
,HL155481
,HL155485
,HL155491
,HL155725
,HL155937
,HL156011
,HL156012
,HL156260
,HL156838
,HL156871
,HL156924
K12-089,HL257581
K12-093,HL257608
K12-109,HL257934
,
"AltID (""K-Number"")","PO Number (""Contract Number"""
K12-165,HL258514
K12-190,HL258697
K12-192,HL258699
K12-201,HL258862
K12-203,HL259000
K12-283,HL260032
k12-462,HL261628
k12-463,HL261630
k12-464,HL261632
k12-465,HL261635
k12-466,HL261636
k12-467,HL261637
k12-468,HL261638
,HL261639
k12-470,HL261641
k12-471,HL261642
12-498,HL261913
,HL261915
k12-709,HL263846
k12-741,HL264206
k12-840,HL264995
k12-841,HL264997
k12-844,HL265003
k12-888,HL265268
k12-889,HL265269
k12-891,HL265298
k12-896,HL265380
k12-897,HL265381
k12-905,HL265449
k12-993,HL266397
k12-994,HL266399
k12-1019,HL266565
k12-1074,HL267085
k12-1075,HL267089
k12-1101,HL267342
k12-1102,HL267343
k12-1174,HL268084
k13-017,HL368262
k13-018,HL368263
k13-019,HL368264
k13-020,HL368265
k13-039,HL368352
k13-198,HL369628
k13-259,HL370261
k13-285,HL370531
k13-304,HL370606
,
"AltID (""K-Number"")","PO Number (""Contract Number"""
k13-305,HL370608
k13-336,HL370734
k13-357,HL370885
k13-360,HL370888
k13-373,HL370957
k13-374,HL370960
k13-377,HL370968
k13-381,HL370979
k13-413,HL371294
k13-419,HL371454
k13-462,HL371897
k13-463,HL371898
k13-481,HL372098
k13-483,HL372104
k13-492,HL372126
k13-493,HL372127
k13-536,HL372708
k13-553,HL372840
k13-623,HL373446
k13-638,HL373517
k13-655,HL373835
k13-694,HL374354
K13-743,HL374884
K13-747,HL374904
M13-723,HL374905
K13-784,HL375150
K13-785,HL375164
K13-788,HL375179
k13-797,HL375405
k13-798,HL375407
k13-837,HL375850
k13-859,HL376058
k13-860,HL376063
K13-861,HL376064
Mk13-832,HL376065
k13-863,HL376076
k13-878,HL376161
k13-885,HL376211
k13-887,HL376276
k13-894,HL376373
k13-896,HL376430
,HL376709
k13-926,HL376726
k13-974,HL377181
k13-999,HL377559
k13-1165,HL377742
,
"AltID (""K-Number"")","PO Number (""Contract Number"""
k13-1166,HL377743
k13-1172,HL377764
mk13-1157,HL378408
k13-1221,HL378430
k13-1222,HL378431
k13-1223,HL378432
k13-1225,HL378434
K13-1243,HL378760
k13-1265,HL378926
k13-1266,HL378927
k13-1282,HL379108
k13-1289,HL379115
k13-1389,HL379721
k14-005,HL380172
k14-014,HL380337
k14-021,HL380389
k14-022,HL380394
k14-023,HL380398
k14-024,HL380400
k14-020,HL480379
k14-029,HL480433
k14-032,HL480526
k14-043,HL480586
k14-094,HL481235
k14-095,HL481236
k14-096,HL481237
k14-098,HL481340
k14-143,HL481829
k14-151,HL481892
k14-155,HL481947
k14-168,HL481968
k14-215,HL482412
k14-216,HL482416
k14-242,HL482721
Mk14-313,HL483367
k14-345,HL483595
k14-346,HL483596
k14-396,HL483946
k14-428,HL484377
k14-429,HL484390
k14-435,HL484482
k14-445,HL484559
k14-446,HL484560
k14-447,HL484561
K14-458,HL484679
k14-489,HL484944
,
"AltID (""K-Number"")","PO Number (""Contract Number"""
K14-503,HL484962
k14-527,HL485158
k14-537,HL485216
k14-546,HL485266
k14-550,HL485308
k14-583,HL485607
k14-606,HL485719
k14-607,HL485758
k14-609,HL485799
k14-638,HL486144
k14-656,HL486280
k14-659,HL486517
Mk14-660,HL486672
k14-713,HL486878
k14-731,HL486999
k14-733,HL487002
k14-765,HL487271
k14-777,HL487378
Mk14-788,HL487542
k14-834,HL487999
k14-836,HL488014
k14-837,HL488027
k14-861,HL488229
k14-892,HL488636
k14-987,HL489101
k14-1022,HL489451
k14-1026,HL489571
k14-1036,HL489603
k14-1104,HL490057
k14-1120,HL490135
k14-1128,HL490260
k14-1134,HL490324
k14-1141,HL490336
k14-1158,HL490588
k14-1161,HL490652
k14-1188,HL490697
k14-1190,HL490699
k14-1262,HL491173
k14-1274,HL491246
k15-024,HL592333
k15-025,HL592334
k15-029,HL592365
k15-030,HL592375
k12-904,HR265448
k13-083,HR368654
k13-270,HR370338
,
"AltID (""K-Number"")","PO Number (""Contract Number"""
k13-910,HR376570
k13-1414,HR479840
k14-092,HR481230
k14-252,HR482896
k14-259,HR482980
k15-015,HR492250
k15-016,HR592258
,HS152229
,HS152258
,HS152303
,HS152328
,HS152335
,HS152490
,HS152519
,HS152532
,HS152654
,HS152655
,HS152722
,HS152800
,HS152833
,HS153030
,HS153082
,HS153236
,HS153254
,HS153281
,HS153302
,HS153308
,HS153309
,HS153423
,HS153490
,HS153534
,HS153545
,HS153558
,HS153559
,HS153560
,HS153616
,HS153620
,HS153621
,HS153640
,HS153645
,HS153650
,HS153662
,HS153664
,HS153665
,HS153666
,HS153667
,
"AltID (""K-Number"")","PO Number (""Contract Number"""
,HS153668
,HS153670
,HS153764
,HS153788
,HS153798
,HS153887
,HS153888
,HS153893
,HS153894
,HS153895
,HS153896
,HS153897
,HS153908
,HS154074
,HS154123
,HS154199
,HS154496
,HS154583
,HS154609
,HS154722
,HS154776
,HS154777
,HS154778
,HS154782
,HS154786
,HS154794
,HS154857
,HS154908
,HS154909
,HS154927
,HS154999
,HS155003
,HS155061
,HS155090
,HS155092
,HS155114
,HS155128
,HS155130
,HS155133
,HS155167
,HS155168
,HS155298
,HS155415
,HS155436
,HS155476
,HS155619
,
"AltID (""K-Number"")","PO Number (""Contract Number"""
,HS155717
,HS156197
,HS156451
,HS156466
K12-087,HS157579
K12-060,HS257498
K12-079,HS257568
K12-132,HS258190
K12-150,HS258343
K12-169,HS258583
K12-202,HS258866
K12-224,HS259257
K12-278,HS259936
K12-284,HS260044
K12-326,HS260463
K12-331,HS260470
K12-332,HS260471
k12-335,HS260516
k12-338,HS260519
k12-347,HS260620
K12-393,HS260894
K12-394,HS260895
K12-427,HS261194
K12-428,HS261195
12-438,HS261469
K12-440,HS261474
K12-441,HS261475
k12-487,HS261796
k12-578,HS262662
k-12-579,HS262663
k12-580,HS262666
k12-581,HS262667
K12-707,HS263841
K12-719,HS263971
K12-720,HS263973
K12-745,HS264271
k12-763,HS264391
K12-766,HS264392
k12-767,HS264430
k12-779,HS264544
k12-782,HS264551
k12-810,HS264812
k12-811,HS264813
k12-812,HS264814
k12-813,HS264815
k12-814,HS264816
,
"AltID (""K-Number"")","PO Number (""Contract Number"""
k12-838,HS264986
k12-839,HS264987
k12-869,HS265121
k12-877,HS265173
k12-878,HS265176
k12-878,HS265176
k12-878,HS265176
k12-884,HS265246
k12-893,HS265313
k12-975,HS266271
k12-991,HS266388
k12-1007,HS266486
k12-1013,HS266540
k12-1014,HS266559
k12-1015,HS266560
k12-1039,HS266917
k12-1040,HS266918
Mk12-1010,HS266919
k12-1051,HS266944
k12-1070,HS267050
k12-1120,HS267544
Mk12-1173,HS268222
mk12-1009,HS368266
k13-058,HS368565
Mk13-047,HS368599
k13-088,HS368659
mk13-070,HS368692
mk13-075,HS368693
mk13-074,HS368694
mk13-073,HS368695
mk13-072,HS368696
mk13-071,HS368697
k13-174,HS369419
k13-179,HS369439
k13-200,HS369630
k13-223,HS369992
k13-224,HS369993
Mk13-010,HS370061
k13-240,HS370086
mk13-009,HS370103
Mk13-257,HS370613
k13-355,HS370883
k13-382,HS370980
k13-383,HS370981
k13-402,HS371220
k13-424,HS371481
,
"AltID (""K-Number"")","PO Number (""Contract Number"""
k13-465,HS372025
k13-494,HS372128
k13-526,HS372484
k13-537,HS372709
k13-538,HS372710
mk13-542,HS372834
mk13-543,HS372835
k13-558,HS372854
Mk13-572,HS372990
K13-573,HS373006
k13-607,HS373343
k13-610,HS373346
k13-611,HS373347
k13-644,HS373693
Mk13-574,HS373838
k13-659,HS373886
k13-660,HS373898
k13-662,HS373901
k13-664,HS373906
k13-665,HS373907
k13-668,HS373943
k13-690,HS374322
k13-737,HS374672
K13-761,HS374925
K13-762,HS374926
M13-118,HS374927
Mk13-792,HS375354
k13-830,HS375734
k13-831,HS375761
k13-848,HS375878
k13-871,HS376137
k13-874,HS376146
k13-882,HS376166
mk13-888,HS376370
K13-899,HS376486
k13-900,HS376487
k13-915,HS376696
k13-920,HS376714
k13-927,HS376727
k13-938,HS376849
k13-940,HS376851
k13-942,HS376854
k13-944,HS376910
k13-949,HS376950
k13-1168,HS377745
k13-1178,HS377781
,
"AltID (""K-Number"")","PO Number (""Contract Number"""
k13-1190,HS378000
mk13-1194,HS378156
k13-1212,HS378377
k13-1126,HS378435
k13-1258,HS378873
k13-1273,HS379028
k13-1326,HS379287
k13-1354,HS379535
k14-042,HS480585
k14-065,HS480894
k14-085,HS481181
k14-154,HS481946
mk14-135,HS482672
k14-298,HS483254
k14-310,HS483331
k14-384,HS483815
k14-385,HS483818
k14-387,HS483826
k14-405,HS484018
k14-442,HS484555
k14-443,HS484557
k14-454,HS484602
k14-473,HS484817
k14-492,HS484947
k14-493,HS484948
k14-587,HS485613
K14-588,HS485614
k14-589,HS485617
k14-612,HS485814
k14-627,HS485991
k14-628,HS485999
k14-629,HS486000
k14-631,HS486006
k14-671,HS486628
k14-677,HS486655
k14-693,HS486708
k14-700,HS486802
k14-709,HS486832
k14-710,HS486842
k14-719,HS486912
k14-742,HS487123
k14-759,HS487209
k14-781,HS487406
k14-840,HS488048
k14-845,HS488068
k14-853,HS488155
,
"AltID (""K-Number"")","PO Number (""Contract Number"""
k14-859,HS488217
k14-875,HS488469
k14-1053,HS489689
k14-1054,HS489694
k14-1098,HS490004
k14-1154,HS490525
k14-1224,HS490872
k14-1264,HS491205
k14-1267,HS491501
k14-1267,HS491501
k14-1267,HS491501
k14-1267,HS491501
k14-1267,HS491501
k14-1267,HS491501
k14-1323,HS491709
k15-006,HS492035
,IG153567
,IG153980
,IG154304
,IG154634
,IG154724
,IG155030
k12-736,IG264182
Mk12-1078,IG267163
Mk12-977,IG267167
k13-206,IG369739
k13-229,IG370014
k13-396,IG371111
k13-532,IG372670
K13-753,IG374912
mk13-984,IG377464
k13-995,IG377465
k13-1261,IG378922
k13-1406,IG379824
k13-1408,IG379826
k13-1409,IG379827
14-007,IG480288
k14-082,IG481108
k14-171,IG481990
k14-425,IG484363
k14-541,IG485221
k14-542,IG485222
Mk14-576,IG485559
k14-634,IG486085
k14-699,IG486794
Mk14-760,IG487269
,
"AltID (""K-Number"")","PO Number (""Contract Number"""
k14-859,IG488193
k14-1045,IG489639
,IT152334
,IT152413
,IT152414
,IT152458
,IT152530
,IT152837
,IT153060
,IT153097
,IT153174
,IT153203
,IT153251
,IT153297
,IT153402
,IT153830
,IT153865
,IT153898
,IT153907
,IT154028
,IT154513
,IT154627
,IT154733
,IT154957
,IT155047
,IT155058
,IT155126
,IT156273
,IT157005
K12-118,IT258002
K12-126 K12-126 12-126,IT258184
K12-158,IT258465
K12-168,IT258669
K12-172,IT258696
K12-203,IT258929
K12-281,IT259943
k 12-386,IT260757
k 12-477,IT261784
k 12-513,IT262099
k 12-603,IT262844
k 12-640,IT263259
k 12-641,IT263260
k12-756,IT264294
k12-798,IT264667
k12-800,IT264668
k12-824,IT264893
,
"AltID (""K-Number"")","PO Number (""Contract Number"""
k12-835,IT264960
k12-880,IT265181
k12-985,IT266380
k12-1035,IT266884
k12-1053,IT266947
k12-1054,IT266948
k12-1175,IT268087
k13-003,IT268175
k13-178,IT369423
k13-334,IT370732
k13-486,IT372113
k13-522,IT372451
k13-525,IT372476
k13-530,IT372641
k13-545,IT372755
k13-652,IT373824
k13-653,IT373831
k13-676,IT374017
K13-764,IT374959
K13-787,IT375168
k13-796,IT375383
k13-857,IT376049
k13-892,IT376308
k13-1206,IT378292
k13-1209,IT378366
k13-1271,IT379010
k14-401,IT383984
k14-091,IT481226
k14-123,IT481616
k14-233,IT482661
k14-237,IT482676
k14-238,IT482702
k14-347,IT483604
k14-356,IT483642
k14-397,IT483961
k14-427,IT484376
k14-474,IT484834
mk14-450,IT485019
k14-539,IT485219
k14-569,IT485400
k14-622,IT485978
k14-725,IT486958
k14-727,IT486963
k14-737,IT487021
k14-798,IT487772
k14-855,IT488254
,
"AltID (""K-Number"")","PO Number (""Contract Number"""
k14-980,IT489055
k14-981,IT489056
k14-990,IT489105
14-996,IT489136
k14-1118,IT490103
k14-1142,IT490347
k14-1263,IT491191
k14-1301,IT592242
Mk14-752,LC488016
k14-1024,LC489459
,LW151925
,LW151928
,LW151929
,LW152277
,LW152286
,LW152307
,LW152456
,LW152457
,LW152539
,LW152541
,LW152790
,LW152801
,LW152803
,LW152804
,LW152805
,LW152806
,LW152807
,LW152808
,LW152809
,LW152814
,LW152819
,LW152831
,LW152832
,LW152839
,LW152877
,LW152878
,LW153048
,LW153049
,LW153050
,LW153055
,LW153059
,LW153189
,LW153219
,LW153220
,LW153222
,LW153226
,
"AltID (""K-Number"")","PO Number (""Contract Number"""
,LW153270
,LW153299
,LW153391
,LW153403
,LW153406
,LW153528
,LW153533
,LW153557
,LW153572
,LW153576
,LW153584
,LW153870
,LW153880
,LW154030
,LW154032
,LW154047
,LW154069
,LW154121
,LW154126
,LW154127
,LW154132
,LW154158
,LW154341
,LW154343
,LW154555
,LW154629
,LW154643
,LW154653
,LW154771
,LW154772
,LW154775
,LW154783
,LW154812
,LW154846
,LW154855
,LW154872
,LW154923
,LW154953
,LW154996
,LW155056
,LW155127
,LW155297
,LW155455
,LW155472
,LW155515
,LW155617
,
"AltID (""K-Number"")","PO Number (""Contract Number"""
,LW155737
,LW155742
,LW155743
,LW155744
,LW155745
,LW155747
,LW155748
,LW155750
,LW155751
,LW155752
,LW155939
,LW155943
,LW155968
,LW155969
,LW155971
,LW155973
,LW155975
,LW155976
,LW155977
,LW155978
,LW155979
,LW155980
,LW155981
,LW155982
,LW156073
,LW156126
,LW156222
,LW156670
,LW156725
,LW156726
,LW156727
,LW156728
,LW156829
,LW156927
,LW156929
,LW157012
K12-105,LW157928
,LW257069
,LW257089
,LW257113
K12-076,LW257563
K12-077,LW257564
K12-106,LW257929
K12-120,LW258064
K12-152,LW258387
K11-759,LW258442
,
"AltID (""K-Number"")","PO Number (""Contract Number"""
K11-760,LW258445
K12-094,LW258552
K12-974,LW258553
,LW258800
K11-926,LW258801
K11-921,LW258803
K11-921,LW258804
K11-668,LW258805
K11-622,LW258806
K11-249,LW258807
K11-596,LW258808
K11-653,LW258810
K11-666,LW258817
,LW258823
K12-178,LW258829
K12-183,LW258830
K12-182,LW258831
K12-184,LW258833
K12-179,LW258835
,LW258836
K12-185,LW258837
K12-204,LW259001
,LW259741
K12-259,LW259773
K11-764,LW260005
K12-107,LW260010
K12-325,LW260462
,LW261916
k 12-530,LW262180
k 12-531,LW262181
k 12-532,LW262182
k 12-536,LW262188
,LW262429
k 12-564,LW262599
k12-541,LW262603
K12-617,LW262937
k 12-625,LW263094
k 12-633,LW263123
K12-544,LW263672
k12-749,LW265098
k12-748,LW265099
K12-747,LW265100
k12-881,LW265184
k12-911,LW265562
k12-924,LW265672
k12-942,LW265918
,
"AltID (""K-Number"")","PO Number (""Contract Number"""
k12-980,LW266375
k12-998,LW266473
k12-999,LW266474
k12-933,LW266746
k12-1025,LW266841
k12-1037,LW266914
k12-1038,LW266916
k12-1059,LW267005
k12-1090,LW267318
Mk12-1160,LW268060
K12-1171,LW268061
k12-1172,LW268062
Mk12-1143,LW268205
k13-006,LW268207
mk12-1161,LW368206
k13-080,LW368651
k13-081,LW368652
k13-082,LW368653
k13-120,LW368682
k13-121,LW368683
K13-153,LW368912
k13-154,LW368914
Mk13-096,LW368982
k13-160,LW369061
,LW369503
k13-238,LW370078
k13-262,LW370267
k13-281,LW370525
k13-302,LW370592
k13-398,LW371192
k13-399,LW371193
k13-425,LW371541
k13-426,LW371542
k13-427,LW371544
k13-478,LW372093
,LW373230
k13-634,LW373499
k13-635,LW373500
k13-646,LW373771
k13-674,LW374003
k13-706,LW374367
K13-748,LW374906
Mk13-795,LW375699
k13-822,LW375700
K13-823,LW375701
k13-824,LW375702
,
"AltID (""K-Number"")","PO Number (""Contract Number"""
k13-836,LW375849
mk13-873,LW376203
mk13-893,LW376838
k13-998,LW377552
Mk13-1229,LW378870
k13-1308,LW379231
k14-015,LW480344
k14-016,LW480345
k14-017,LW480346
k14-018,LW480348
Mk14-165,LW482369
k14-225,LW482637
k14-226,LW482638
k14-227,LW482639
Mk14-206,LW482898
Mk14-207,LW482899
k14-254,LW482902
k14-255,LW482903
k14-272,LW483094
k14-273,LW483097
k14-274,LW483124
k14-299,LW483255
k14-358,LW483646
,LW484030
k14-466,LW484818
k14-472,LW484819
k14-486,LW484924
k14-488,LW484943
k14-519,LW485058
Mk14-524,LW485594
k14-528,LW485596
k14-586,LW485612
k14-621,LW485954
k14-646,LW486223
k14-715,LW486883
k14-716,LW486885
k14-717,LW486887
k14-728,LW486985
k14-744,LW487141
k14-745,LW487151
k14-746,LW487152
k14-748,LW487165
K14-749,LW487166
k14-799,LW487883
k14-801,LW487884
k14-817,LW487938
,
"AltID (""K-Number"")","PO Number (""Contract Number"""
k14-858,LW488216
k14-934,LW488984
14-935,LW488985
k14-936,LW488986
k14-937,LW488987
k14-938,LW488988
k14-939,LW488989
k14-940,LW488990
k14-941,LW488991
k14-969,LW489003
k14-970,LW489005
k14-1123,LW490195
k14-1156,LW490586
k14-968,LW490913
k14-1244,LW490975
Mk14-1144,LW491019
k14-1254,LW491107
k14-1265,LW491226
k14-1266,LW491227
k14-1269,LW491228
k14-1268,LW491589
k15-005,LW492033
k15-017,LW592305
,MC151908
,MC152531
,MC155069
K12-121,MC158159
K12-111,MC257937
K12-111,MC257937
k 12-412,MC261045
k 12-473,MC261752
k 12-495,MC261834
,MC262430
k 12-744,MC264264
k13-726,MC374652
k13-1380,MC379609
k14-025,MC380401
k14-114,MC481549
k14-189,MC482225
k14-462,MC484707
k14-543,MC485223
k14-548,MC485301
k14-644,MC486169
k14-1068,MC489790
,MO152353
,MO152354
,
"AltID (""K-Number"")","PO Number (""Contract Number"""
,MO152356
,MO152357
,MO152358
,MO152359
,MO152360
,MO152361
,MO152362
,MO152363
,MO152426
,MO152443
,MO152455
,MO152495
,MO152547
,MO152939
,MO152975
,MO153046
,MO153047
,MO153105
,MO153213
,MO153327
,MO153328
,MO153343
,MO153345
,MO153355
,MO153390
,MO153431
,MO153432
,MO153476
,MO153477
,MO153549
,MO153617
,MO154075
,MO154516
,MO154628
,MO154688
,MO154692
,MO155032
,MO155068
,MO155081
,MO155120
,MO155414
,MO155509
,MO156128
,MO156672
,MO156941
,MO156942
,
"AltID (""K-Number"")","PO Number (""Contract Number"""
K12-046,MO257395
K12-062,MO257500
K12-063,MO257501
K12-064,MO257502
K12-065,MO257503
K12-066,MO257504
,MO257505
K12-124,MO258182
K12-125,MO258183
K12-144,MO258237
K12-145,MO258238
K12-171,MO258584
,MO258624
K12-213,MO259128
K12-304,MO260327
12-388,MO260954
12-388,MO260954
,MO261538
k 12-478,MO261785
k 12-514,MO262102
k 12-472,MO262846
k 12-606,MO262848
k 12-632,MO263122
k 12-698,MO263776
k12-890,MO265287
k12-915,MO265627
k12-1002,MO266477
k12-1003,MO266478
k12-1020,MO266566
k12-1045,MO266925
k12-1106,MO267352
mk12-1176,MO268224
k13-345,MO270863
k13-057,MO368564
k13-060,MO368568
k13-124,MO368700
k13-125,MO368701
k13-159,MO369060
k13-172,MO369417
k13-173,MO369418
k13-390,MO371007
k13-404,MO371222
k13-405,MO371223
k13-422,MO371478
k13-430,MO371549
k13-440,MO371643
,
"AltID (""K-Number"")","PO Number (""Contract Number"""
k13-442,MO371684
k13-491,MO372124
k13-495,MO372129
K13-641,MO373687
k13-661,MO373900
k13-678,MO374025
k13-838,MO375853
k13-997,MO377555
k13-1219,MO378407
k13-1383,MO379710
Mk13-1423,MO380135
Mk13-1425,MO380136
Mk13-1429,MO380137
Mk13-1430,MO380138
Mk13-1433,MO380139
Mk13-1431,MO380140
Mk13-1434,MO380141
Mk13-1436,MO380142
Mk13-1437,MO380144
Mk13-1439,MO380146
K13-1451,MO380148
Mk13-1444,MO380150
Mk13-1442,MO380151
Mk13-1438,MO380152
Mk13-1426,MO380153
Mk13-1428,MO380154
Mk13-1427,MO380158
MK13-1424,MO380159
MK13-1435,MO380160
Mk13-1432,MO380161
Mk13-1445,MO380162
Mk13-1461,MO380281
Mk13-1456,MO380282
MK13-1453,MO380283
Mk13-1452,MO380284
Mk13-1457,MO380382
Mk13-1454,MO380383
Mk13-1464,MO380384
Mk13-1462,MO380386
Mk13-1440,MO380393
Mk13-1455,MO380397
Mk13-1441,MO380399
Mk13-1463,MO380405
Mk13-1469,MO380406
Mk13-1465,MO380407
Mk13-1470,MO380412
,
"AltID (""K-Number"")","PO Number (""Contract Number"""
Mk13-1457,MO380413
Mk13-1466,MO380414
Mk13-1459,MO380415
Mk13-1460,MO380418
Mk13-1471,MO380419
Mk13-1472,MO380420
Mk13-1467,MO380423
Mk13-1473,MO380424
Mk13-1474,MO380425
MK13-1468,MO380426
Mk13-1475,MO380427
Mk13-1476,MO380428
Mk13-1477,MO380429
Mk13-1443,MO380438
Mk13-1478,MO380538
Mk13-1479,MO380540
k14-037,MO380541
K14-011,MO480332
k14-145,MO481831
k14-146,MO481832
k14-147,MO481833
k14-148,MO481834
k14-153,MO481945
Mk13-1485,MO482031
k14-182,MO482102
k14-183,MO482155
k14-229,MO482642
k14-241,MO482720
k14-261,MO483045
k14-399,MO483978
k14-426,MO484371
k14-433,MO484473
k14-480,MO484854
k14-551,MO485319
k14-552,MO485323
k14-571,MO485433
Mk14-616,MO486152
k14-652,MO486250
k14-706,MO486824
k14-726,MO486961
k14-761,MO487255
k14-809,MO487914
k14-841,MO488049
k14-843,MO488061
k14-849,MO488090
k14-1029,MO489594
,
"AltID (""K-Number"")","PO Number (""Contract Number"""
k14-1030,MO489595
K14-1166,MO490657
K14-1167,MO490658
K14-1168,MO490659
K14-1169,MO490660
K14-1170,MO490661
K14-1171,MO490662
K14-1173,MO490664
K14-1174,MO490665
K14-1175,MO490666
K14-1176,MO490667
K14-1177,MO490670
k14-1178,MO490680
K14-1179,MO490682
K14-1180,MO490683
K14-1182,MO490685
K14-1184,MO490687
K14-1185,MO490689
K14-1186,MO490690
K14-1187,MO490691
k14-1192,MO490702
k14-1193,MO490703
k14-1194,MO490705
k14-1195,MO490709
k14-1196,MO490710
k14-1197,MO490715
k14-1198,MO490716
k14-1199,MO490726
k14-1200,MO490727
k14-1201,MO490728
k14-1202,MO490729
k14-1203,MO490730
k14-1204,MO490731
k14-1205,MO490732
k14-1206,MO490733
k14-1207,MO490734
k14-1208,MO490738
k14-1209,MO490743
k14-1210,MO490746
k14-1211,MO490748
k14-1212,MO490750
k14-1213,MO490751
k14-1215,MO490754
k14-1216,MO490756
k14-1217,MO490758
k14-1218,MO490760
,
"AltID (""K-Number"")","PO Number (""Contract Number"""
k14-1220,MO490764
k14-1221,MO490767
k14-1222,MO490769
k14-1247,MO491047
k14-1248,MO491048
k14-1249,MO491050
k14-1250,MO491056
k14-1251,MO491060
k14-1252,MO491061
k14-1292,MO491430
k14-1317,MO491666
k14-1318,MO491667
k14-1328,MO491802
k15-129,MO593086
,NE152605
,NE154124
,NE154774
k 12-293,NE260241
k 12-489,NE261801
k12-936,NE265715
k12-949,NE266129
k12-950,NE266130
k12-1012,NE266531
k13-488,NE372121
K13-757,NE374918
K13-772,NE375073
K13-773,NE375074
,NS152226
,NS152227
,NS152521
,NS152579
,NS152599
,NS153478
,NS153622
,NS154779
,NS155164
,NS155379
,NS155380
,NS155385
,NS156129
K12-024,NS157058
K12-025,NS157059
,NS157116
,NS257143
,NS257147
,NS257149
,
"AltID (""K-Number"")","PO Number (""Contract Number"""
K12-096,NS257639
K12-115,NS257942
K12-116,NS257990
K12-171,NS258587
K12-172,NS258616
K12-174,NS258665
K12-194,NS258799
K12-207,NS259024
K12-226,NS259264
K12-227,NS259265
K12-228,NS259266
K12-272,NS259882
K12-273,NS259884
,NS260254
k12-346,NS260619
k12-545,NS262416
k12-547,NS262434
k12-550,NS262509
k12-559,NS262576
k12-560,NS262578
k12-561,NS262594
k12-562,NS262595
k12-563,NS262596
,NS262640
k12-573,NS262643
k12-574,NS262648
k12-575,NS262651
k12-576,NS262655
k12-577,NS262661
k12-674,NS263577
k12-752,NS264278
k12-752,NS264278
k12-754,NS264282
k12-758,NS264296
k12-775,NS264439
k12-837,NS264985
k12-842,NS265001
k12-846,NS265029
k12-847,NS265030
k12-848,NS265031
k12-849,NS265032
k12-850,NS265035
k12-851,NS265036
k12-859,NS265108
k12-916,NS265629
k12-917,NS265630
,
"AltID (""K-Number"")","PO Number (""Contract Number"""
k12-1033,NS266881
k12-1104,NS267347
k13-105,NS368675
k13-106,NS368676
k13-135,NS368717
k13-142,NS368824
k13-144,NS368852
mk13-079,NS368853
k13-192,NS369622
k13-194,NS369624
k13-232,NS370017
k13-236,NS370074
k13-237,NS370075
k13-271,NS370339
k13-515,NS372410
k13-521,NS372450
k13-539,NS372724
k13-540,NS372725
k13-541,NS372726
k13-546,NS372756
k13-547,NS372757
k13-548,NS372758
k13-584,NS373066
k13-679,NS374026
k13-680,NS374027
k13-712,NS374387
k13-713,NS374388
K13-802,NS375428
k13-843,NS375858
k13-844,NS375863
k13-845,NS375867
k13-846,NS375868
k13-847,NS375869
k13-850,NS375898
k13-867,NS376083
k13-872,NS376142
k13-901,NS376489
k13-902,NS376491
k13-912,NS376572
k13-928,NS376729
k13-937,NS376840
k13-951,NS376952
k13-970,NS377124
k13-980,NS377200
k13-990,NS377296
k13-991,NS377299
,
"AltID (""K-Number"")","PO Number (""Contract Number"""
k13-993,NS377462
k13-994,NS377463
k13-1135,NS377562
k13-1145,NS377591
k13-1151,NS377598
k13-1159,NS377726
k13-1161,NS377730
Mk13-1182,NS378016
mk13-1179,NS378020
mk13-1181,NS378024
mk13-1180,NS378028
k13-1196,NS378142
k13-1197,NS378155
k13-1216,NS378381
k13-1227,NS378454
K13-1248,NS378779
K13-1249,NS378780
K13-1250,NS378781
k13-1280,NS379106
k13-1281,NS379107
k13-1283,NS379109
k13-1284,NS379110
k13-1285,NS379111
k13-1286,NS379112
k13-1287,NS379113
k13-1288,NS379114
k13-1290,NS379116
k13-1291,NS379117
k13-1292,NS379118
k13-1293,NS379119
k13-1294,NS379120
k13-1300,NS379126
k13-1301,NS379127
k13-1302,NS379128
k13-1303,NS379129
k13-1304,NS379130
k13-1305,NS379131
k13-1306,NS379132
k13-1313,NS379238
k13-1333,NS379240
k13-1314,NS379242
k13-1317,NS379252
k13-1318,NS379253
k13-1319,NS379268
k13-1320,NS379269
k13-1321,NS379270
,
"AltID (""K-Number"")","PO Number (""Contract Number"""
k13-1330,NS379291
k13-1331,NS379292
k13-1332,NS379293
k13-1335,NS379319
k13-1336,NS379320
k13-1337,NS379321
k13-1338,NS379322
k13-1339,NS379324
k13-1340,NS379328
k13-1344,NS379492
k13-1345,NS379496
k13-1347,NS379506
k13-1348,NS379519
k13-1349,NS379521
k13-1350,NS379522
k13-1351,NS379524
k13-1353,NS379525
k13-1352,NS379534
k13-1372,NS379599
k13-1394,NS379759
k13-1395,NS379760
k13-1403,NS379814
k13-1404,NS379821
k13-1419,NS379894
k14-013,NS380336
k13-1483,NS380561
k14-039,NS480548
k13-1480,NS480554
k13-1481,NS480556
k13-1482,NS480557
k13-1484,NS481044
k14-078,NS481045
k14-079,NS481047
k14-080,NS481050
k14-158,NS481951
k14-311,NS483332
k14-354,NS483640
k14-391,NS483891
k14-436,NS484488
K14-464,NS484804
k14-643,NS484808
k14-507,NS484821
k14-508,NS484822
k14-509,NS484827
k14-510,NS484828
k14-511,NS484830
,
"AltID (""K-Number"")","PO Number (""Contract Number"""
mk14-459,NS484951
k14-513,NS485020
k14-530,NS485176
k14-531,NS485206
k14-545,NS485244
k14-557,NS485365
k14-561,NS485389
k14-570,NS485401
k14-591,NS485623
k14-592,NS485632
k14-602,NS485705
k14-603,NS485707
k14-604,NS485709
k14-608,NS485795
k14-636,NS486135
k14-637,NS486136
k14-667,NS486599
k14-685,NS486666
k14-686,NS486669
k14-687,NS486670
k14-692,NS486707
k14-703,NS486819
k14-704,NS486820
k14-895,NS488669
k14-897,NS488670
k14-896,NS488671
k14-898,NS488672
k14-899,NS488673
k14-900,NS488674
k14-901,NS488675
k14-902,NS488676
k14-903,NS488677
k14-904,NS488678
k14-905,NS488679
k14-906,NS488680
k14-907,NS488681
k14-908,NS488682
k14-909,NS488683
k14-910,NS488685
k14-912,NS488686
k14-911,NS488687
k14-913,NS488707
k14-914,NS488708
k14-915,NS488709
k14-916,NS488710
k14-917,NS488711
,
"AltID (""K-Number"")","PO Number (""Contract Number"""
k14-918,NS488712
k14-919,NS488713
k14-920,NS488714
k14-921,NS488715
k14-922,NS488716
k14-943,NS488993
k14-973,NS489025
k14-995,NS489123
k14-1001,NS489163
k14-945,NS489205
k14-946,NS489206
k14-949,NS489207
k14-948,NS489208
k14-950,NS489209
k14-951,NS489210
k14-952,NS489211
k14-953,NS489217
k14-957,NS489218
k14-958,NS489219
k14-956,NS489220
k14-962,NS489221
k14-1010,NS489225
k14-1017,NS489403
k14-1019,NS489419
k14-1020,NS489422
k14-955,NS489701
k14-954,NS489702
k14-961,NS489704
k14-963,NS489705
k14-960,NS489706
k14-964,NS489707
k14-959,NS489709
k14-1058,NS489716
k14-1096,NS489995
k14-978,NS490009
k14-979,NS490010
k14-1101,NS490045
k14-1275,NS491247
k14-1311,NS491537
k14-1322,NS491680
,PD152256
,PD152299
,PD152460
,PD152488
,PD152702
,PD153135
,
"AltID (""K-Number"")","PO Number (""Contract Number"""
,PD153201
,PD153276
,PD153280
,PD153313
,PD153413
,PD153429
,PD153537
,PD153548
,PD153551
,PD153871
,PD153906
,PD153929
,PD153990
,PD154039
,PD154108
,PD154159
,PD154162
,PD154163
,PD154164
,PD154168
,PD154169
,PD154170
,PD154257
,PD154267
,PD154457
,PD154486
,PD154489
,PD154501
,PD154581
,PD154586
,PD154689
,PD154725
,PD154882
,PD155001
,PD155002
,PD155074
,PD155141
,PD155145
,PD155166
,PD156010
,PD156196
,PD156842
,PD156904
,PD156907
K12-117,PD257991
K12-127,PD258185
,
"AltID (""K-Number"")","PO Number (""Contract Number"""
K12-128,PD258186
K12-129,PD258187
K12-131,PD258189
K12-148,PD258299
K12-149,PD258342
K12-272,PD259883
k12-337,PD260518
k12-435,PD261276
k12-454,PD261540
k12-486,PD261795
k12-505,PD262023
k12-727,PD264019
k12-758,PD264299
k12-773,PD264437
k12-843,PD265002
Mk12-1001,PD266476
k12-1005,PD266481
k12-1006,PD266483
k12-1083,PD267224
k13-187,PD269566
k13-065,PD368616
k13-078,PD368633
k13-092,PD368663
k13-093,PD368664
k13-094,PD368665
mk13-111,PD368684
mk13-110,PD368685
mk13-112,PD368686
mk13-113,PD368687
mk13-114,PD368688
mk13-115,PD368689
mk13-116,PD368690
mk13-117,PD368691
k13-163,PD369100
k13-188,PD369567
k13-215,PD369899
k13-278,PD370492
k13-313,PD370641
k13-333,PD370731
k13-393,PD371016
k13-401,PD371215
k13-417,PD371319
mk13-416,PD371548
k13-431,PD371550
k13-435,PD371578
k13-489,PD372122
,
"AltID (""K-Number"")","PO Number (""Contract Number"""
k13-566,PD372864
k13-613,PD373353
k13-614,PD373360
k13-707,PD374368
K13-738,PD374714
k13-890,PD376284
k13-931,PD376732
k13-1236,PD378681
k13-1257,PD378872
k13-1310,PD379235
k14-009,PD380292
k14-026,PD480402
k14-027,PD480403
k14-048,PD480781
k14-051,PD480797
k14-053,PD480813
k14-054,PD480814
k14-056,PD480819
K14-062,PD480867
k14-070,PD480921
k14-099,PD481343
k14-113,PD481540
k14-170,PD481970
k14-234,PD482671
k14-353,PD483639
Mk14-246,PD484169
k14-413,PD484171
k14-453,PD484600
k14-463,PD484708
k14-487,PD484925
k14-648,PD486241
k14-734,PD487003
k14-741,PD487122
k14-784,PD487438
k14-797,PD487771
k14-860,PD488194
k,PD488633
k14-976,PD489036
k14-1035,PD489600
k14-1062,PD489746
k14-1086,PD489957
k14-1086,PD489957
k14-1088,PD489959
k14-1088,PD489959
k14-1094,PD489990
k14-1151,PD490495
,
"AltID (""K-Number"")","PO Number (""Contract Number"""
Mk14-1152,PD490916
k15-028,PD492337
k15-028,PD492337
k15-028,PD492337
k15-144,PD593166
,PDC152811
,PDC153111
,PDC153938
,PDC155932
K12-146,PDC258239
K12-235,PDC259432
k12-783,PDC264553
k12-886,PDC265248
k12-1133,PDC267694
,PK152687
,PK152688
,PK152689
,PK152995
,PK153001
,PK153004
,PK153263
,PK153332
,PK153492
,PK154546
,PK154549
,PK154562
,PK155129
,PK156450
K12-154,PK158460
K12-091,PK257583
K12-157,PK258462
K12-240,PK259499
K12-241,PK259500
k 12-413,PK261048
k 12-598,PK262839
k 12-652,PK263375
k 12-701,PK263780
Mk12-831,PK267033
k13-024,PK268286
mk13-341,PK371289
k13-443,PK371685
k13-565,PK372863
k13-667,PK373942
K13-776,PK375087
k13-800,PK375426
k13-811,PK375511
,
"AltID (""K-Number"")","PO Number (""Contract Number"""
k14-177,PK482033
k14-262,PK483047
k14-483,PK484888
k14-669,PK486626
k14-735,PK487018
k14-773,PK487322
k14-929,PK488817
k14-1095,PK489994
,PL153780
,PL153782
,PL156464
k12-049,PL157485
k 12-667,PL263565
k 12-668,PL263566
k12-873,PL265135
k13-943,PL376862
k13-1275,PL379101
k14-033,PL480527
k14-942,PL488992
k14-1236,PL490907
,PM151938
,PM151939
,PM151965
,PM151966
,PM151967
,PM151969
,PM151970
,PM151972
,PM152305
,PM152306
,PM152331
k11-704,PM152446
,PM152572
n/a,PM152603
n/a,PM152604
,PM152634
,PM152683
,PM152812
,PM152813
,PM152961
,PM153023
,PM153058
,PM153198
,PM153223
,PM153225
,PM153408
,
"AltID (""K-Number"")","PO Number (""Contract Number"""
,PM153414
,PM153428
,PM153556
,PM153561
,PM153651
,PM153851
,PM153918
,PM154005
,PM154022
,PM154033
,PM154057
,PM154059
,PM154060
,PM154061
,PM154062
,PM154072
,PM154324
,PM154538
,PM154572
,PM154573
,PM154625
,PM154785
,PM154789
,PM154803
,PM154917
,PM155078
,PM155117
n/a,PM155315
n/a,PM155459
n/a,PM155604
n/a,PM155606
n/a,PM155607
n/a,PM155608
n/a,PM155618
n/a,PM155926
,PM155928
,PM155929
n/a,PM155935
n/a,PM156122
,PM156291
n/a,PM156343
,PM156652
,PM157124
K12-044,PM257186
K12-181,PM258684
K12-186,PM258692
,
"AltID (""K-Number"")","PO Number (""Contract Number"""
K12-195,PM258828
K12-197,PM258856
K12-198,PM258859
K12-204,PM258945
k12-336,PM260517
k12-368,PM260651
k12-369,PM260652
k12-370,PM260653
k12-371,PM260654
k12-372,PM260657
K12-373,PM260658
k12-408,PM261032
k12-434,PM261275
k12-482,PM261790
K12-488,PM261797
k12-570,PM262639
K12-636,PM263142
K12-653,PM263444
K12-676,PM263585
k12-930,PM265710
K12-931,PM265711
k12-1028,PM266846
k12-1061,PM267006
k12-1082,PM267214
k12-1123,PM267552
Mk13-004,PM368349
k13-040,PM368353
k13-043,PM368356
k13-084,PM368655
mk13-109,PM368746
k13-190,PM369569
k13-191,PM369570
k13-275,PM370348
k13-282,PM370528
k13-323,PM370699
k13-410,PM371230
k13-411,PM371231
mk13-409,PM371286
k13-414,PM371296
k13-445,PM371687
k13-446,PM371688
k13-480,PM372097
k13-514,PM372409
k13-524,PM372466
k13-556,PM372852
k13-569,PM372912
,
"AltID (""K-Number"")","PO Number (""Contract Number"""
k13-569,PM372912
k13-583,PM373064
k13-626,PM373449
k13-640,PM373685
k13-642,PM373688
k13-643,PM373689
k13-649,PM373787
k13-651,PM373823
k13-689,PM374321
k13-715,PM374390
K13-760,PM374924
K13-790,PM375302
k13-801,PM375427
k13-849,PM375882
k13-883,PM376206
mk13-956,PM377480
k13-1162,PM377732
k13-1191,PM378030
k13-1195,PM378117
k13-1263,PM378924
k13-1264,PM378925
k13-1307,PM379154
mk13-1382,PM379804
K13-1405,PM379823
k14-044,PM480589
k14-057,PM480829
k14-058,PM480856
k14-066,PM480912
k14-067,PM480913
k14-116,PM481577
k14-117,PM481578
k14-119,PM481597
k14-120,PM481606
k14-121,PM481612
k14-122,PM481615
k14-124,PM481617
k14-125,PM481618
k14-126,PM481619
k14-136,PM481769
k14-142,PM481828
K14-144,PM481830
k14-152,PM481893
k14-156,PM481948
k14-159,PM481953
k14-160,PM481954
k14-161,PM481955
,
"AltID (""K-Number"")","PO Number (""Contract Number"""
k14-173,PM482007
k14-175,PM482020
k14-176,PM482024
k14-186,PM482199
k14-191,PM482231
k14-192,PM482235
k14-194,PM482257
k14-196,PM482259
k14-197,PM482260
k14-198,PM482263
k14-200,PM482266
k14-245,PM482774
k14-248,PM482796
k14-253,PM482897
k14-337,PM483471
k14-338,PM483474
mk14-136,PM483529
k14-348,PM483611
k14-439,PM484520
k14-512,PM484825
k14-499,PM484959
k14-500,PM484963
k14-502,PM484965
k14-525,PM485143
k14-538,PM485218
k14-549,PM485304
k14-696,PM486735
k14-718,PM486899
k14-779,PM487383
k14-847,PM488074
k14-863,PM488238
k14-870,PM488388
k14-1321,PM591679
k15-021,PM592330
k15-042,PM592449
k13-992,PS377437
,PW151955
,PW151956
,PW151957
,PW151958
,PW151959
,PW151960
,PW151962
,PW152278
,PW152279
,PW152280
,
"AltID (""K-Number"")","PO Number (""Contract Number"""
,PW152282
,PW152283
,PW152284
,PW152298
,PW152311
,PW152312
,PW152313
,PW152314
,PW152316
,PW152341
,PW152342
,PW152343
,PW152345
,PW152346
,PW152349
,PW152350
,PW152366
,PW152367
,PW152368
,PW152370
,PW152371
,PW152372
,PW152374
,PW152375
,PW152376
,PW152407
,PW152408
,PW152409
,PW152410
,PW152411
,PW152412
,PW152489
,PW152491
,PW152497
,PW152498
,PW152499
,PW152500
,PW152501
,PW152502
,PW152503
,PW152504
,PW152518
,PW152543
,PW152545
,PW152602
,PW152690
,
"AltID (""K-Number"")","PO Number (""Contract Number"""
,PW152691
,PW152692
,PW152693
,PW152694
,PW152695
,PW152815
,PW152841
,PW152842
,PW152844
,PW152928
,PW153063
,PW153065
,PW153094
,PW153134
,PW153185
,PW153190
,PW153197
,PW153211
,PW153212
,PW153290
,PW153314
,PW153394
,PW153395
,PW153469
,PW153513
,PW153529
,PW153530
,PW153535
,PW153538
,PW153540
,PW153678
,PW153681
,PW153688
,PW153706
,PW153708
,PW153718
,PW153737
,PW153744
,PW153745
,PW153747
,PW153749
,PW153750
,PW153752
,PW153756
,PW153758
,PW153759
,
"AltID (""K-Number"")","PO Number (""Contract Number"""
,PW153783
,PW153784
,PW153794
,PW153796
,PW153799
,PW153868
,PW153869
,PW153872
,PW153915
,PW153928
,PW153930
,PW153935
,PW153983
,PW154015
,PW154040
,PW154042
,PW154043
,PW154044
,PW154050
,PW154065
,PW154166
,PW154167
,PW154180
,PW154194
,PW154205
,PW154218
,PW154259
,PW154273
,PW154274
,PW154286
,PW154287
,PW154292
,PW154484
,PW154490
,PW154493
,PW154494
,PW154511
,PW154512
,PW154515
,PW154532
,PW154535
,PW154537
,PW154564
,PW154566
,PW154604
,PW154614
,
"AltID (""K-Number"")","PO Number (""Contract Number"""
,PW154617
,PW154620
,PW154687
,PW154694
,PW154697
,PW154699
,PW154737
,PW154738
,PW154758
,PW154761
,PW154766
,PW154767
,PW154768
,PW154769
,PW154770
,PW154843
,PW154850
,PW154856
,PW154905
,PW154928
,PW154949
,PW154950
,PW154951
,PW154958
,PW154959
,PW154960
,PW154963
,PW154974
,PW154981
,PW154988
,PW154992
,PW154993
,PW155000
,PW155004
,PW155005
,PW155007
,PW155026
,PW155031
,PW155037
,PW155038
,PW155044
,PW155045
,PW155046
,PW155053
,PW155070
,PW155071
,
"AltID (""K-Number"")","PO Number (""Contract Number"""
,PW155091
,PW155093
,PW155094
,PW155095
,PW155096
,PW155097
,PW155105
,PW155108
,PW155144
,PW155160
,PW155161
,PW155290
,PW155342
,PW155346
,PW155347
,PW155348
,PW155366
,PW155367
,PW155615
,PW155927
,PW156665
,PW156731
,PW156732
,PW156734
,PW156735
,PW156736
,PW156737
,PW156831
,PW156837
,PW156841
,PW156902
,PW156926
,PW156995
,PW156997
,PW157038
,PW157041
,PW157042
K12-026,PW157061
K12-027,PW157062
,PW157162
K12-048,PW157484
K12-050,PW157486
K12-069,PW157531
K12-070,PW157532
K12-071,PW157533
K12-072,PW157534
,
"AltID (""K-Number"")","PO Number (""Contract Number"""
K12-082,PW157574
K12-086,PW157578
K12-147,PW158240
K12-398,PW160976
,PW257050
,PW257053
K12-022,PW257056
,PW257128
,PW257145
,PW257180
K12-052,PW257489
K12-055,PW257492
K12-057,PW257495
K12-059,PW257497
K12-073,PW257535
K12-084,PW257576
K12-088,PW257580
K12-090,PW257582
K12-092,PW257584
K12-097,PW257641
12-100,PW257889
K12-104,PW257926
K12-112,PW257938
K12-113,PW257939
K12-115,PW257948
K12-130,PW258188
K12-153,PW258447
K12-156,PW258461
K12-159 12-159,PW258467
K12-161,PW258473
K12-162,PW258477
K12-177,PW258675
K11-973,PW258821
K12-210,PW259057
K12-212,PW259108
K12-214,PW259140
K12-215,PW259141
K12-216,PW259143
K12-222,PW259253
K12-229,PW259269
K12-230,PW259271
K12-231,PW259272
K12-236,PW259434
K12-243,PW259519
K12-245,PW259601
K12-246,PW259609
,
"AltID (""K-Number"")","PO Number (""Contract Number"""
K12-254,PW259653
K12-257,PW259656
K12-258,PW259771
K12-260,PW259785
K12-265,PW259858
K12-266,PW259859
K12-267,PW259860
K12-268,PW259861
K12-269,PW259867
K12-274,PW259890
K11-517,PW259933
K12-300,PW260295
K12-302,PW260325
K12-318,PW260446
K12-319,PW260450
K12-320,PW260451
K12-321,PW260452
K12-324,PW260455
K12-327,PW260465
K12-375,PW260690
K12-377,PW260693
K12-389,PW260844
K12-390,PW260845
K12-391,PW260846
K12-395,PW260973
K12-399,PW260978
K12-401,PW260980
K12-402,PW260981
K12-419,PW261186
K12-420,PW261187
K12-421,PW261188
K12-422,PW261189
K12-423,PW261190
K12-426,PW261193
K12-442,PW261476
K12-443,PW261477
K12-444,PW261478
K12-446,PW261480
K12-480,PW261787
K12-517,PW262110
K12-518,PW262112
K12-520,PW262116
K12-525,PW262154
K12-528,PW262158
K12-566,PW262634
K12-567,PW262635
,
"AltID (""K-Number"")","PO Number (""Contract Number"""
K12-568,PW262636
K12-569,PW262638
K12-571,PW262642
K12-583,PW262764
K12-618,PW262954
K12-619,PW262955
K12-620,PW262958
K12-628,PW263098
K12-638,PW263149
K12-643,PW263304
,PW263317
K12-645,PW263318
K12-646,PW263331
K12-647,PW263350
K12-654,PW263445
K12-670,PW263573
K12-671,PW263574
K12-677,PW263611
K12-678,PW263612
K12-679,PW263613
K12-680,PW263628
K12-691,PW263684
K12-692,PW263685
K12-693,PW263686
K12-694,PW263687
K12-706,PW263838
,PW263974
K12-730,PW264094
K12-731,PW264102
k12-735,PW264178
k12-737,PW264185
K12-746,PW264274
K12-750,PW264275
K12-751,PW264276
K12-753,PW264280
K12-764,PW264393
K12-765,PW264394
K12-776,PW264518
K12-790,PW264567
K12-806,PW264720
K12-807,PW264722
k12-826,PW264938
k12-827,PW264940
k12-856,PW265104
k12-857,PW265105
k12-876,PW265172
,
"AltID (""K-Number"")","PO Number (""Contract Number"""
k12-879,PW265177
k12-885,PW265247
k12-887,PW265267
k12-894,PW265346
k12-900,PW265427
k12-958,PW266158
k12-959,PW266160
K12-986,PW266381
k12-996,PW266403
K12-997,PW266411
k12-1004,PW266480
k12-1027,PW266844
k12-1029,PW266850
12-1103,PW267346
k12-1107,PW267373
k12-1117,PW267539
k13-001,PW268126
K13-005,PW268204
K13-005,PW268204
K13-005,PW268204
13-007,PW268210
k13-029,PW268340
k13-037,PW268350
k13-041,PW268354
13-048,PW268430
k13-053,PW268552
k13-054,PW268556
k13-085,PW268656
k13-086,PW268657
k13-089,PW268660
k13-097,PW268667
k13-127,PW268703
K13-165,PW269136
k13-203,PW269677
K13-288,PW270564
K13-289,PW270565
K13-290,PW270567
K13-291,PW270568
K13-292,PW270569
K13-293,PW270570
K13-294,PW270571
K13-295,PW270572
K13-296,PW270574
K13-311,PW270617
k13-597,PW273233
K13-768,PW275021
,
"AltID (""K-Number"")","PO Number (""Contract Number"""
k13-852,PW276011
k13-038,PW368351
k13-042,PW368355
k13-044,PW368357
k13-045,PW368358
k13-050,PW368432
K13-051,PW368538
k13-066,PW368618
k13-068,PW368620
k13-095,PW368666
k13-098,PW368668
k13-099,PW368669
k13-100,PW368670
k13-101,PW368671
k13-123,PW368699
k13-131,PW368713
k13-133,PW368715
k13-134,PW368716
k13-139,PW368775
k13-145,PW368861
k13-046,PW368863
k13-146,PW368864
k13-155,PW368915
k13-161,PW369065
k13-162,PW369072
k13-166,PW369137
k13-168,PW369180
K13-180,PW369493
K13-181,PW369500
K13-182,PW369501
K13-183,PW369502
k13-189,PW369568
K13-210,PW369857
k13-213,PW369886
k13-217,PW369903
K13-221,PW369944
mk13-222,PW369991
k13-280,PW370524
K13-297,PW370575
k13-325,PW370722
mk13-307,PW370737
K13-342,PW370753
mk13-315,PW370882
k13-365,PW370922
k13-366,PW370929
k13-369,PW370937
,
"AltID (""K-Number"")","PO Number (""Contract Number"""
k13-372,PW370954
mk13-389,PW370985
mk13-388,PW370986
K13-397,PW371126
K13-412,PW371276
K13-415,PW371311
k13-423,PW371479
k13-437,PW371613
k13-438,PW371618
k13-439,PW371627
k13-441,PW371664
k13-449,PW371691
k13-466,PW372035
k13-467,PW372037
k13-468,PW372038
K13-469,PW372039
K13-470,PW372048
K13-471,PW372049
K13-472,PW372050
K13-473,PW372051
K13-474,PW372052
K13-475,PW372053
K13-476,PW372054
K13-477,PW372060
k13-487,PW372119
K13-497,PW372302
K13-498,PW372303
K13-499,PW372304
K13-500,PW372305
K13-501,PW372306
K13-502,PW372307
K13-503,PW372308
K13-505,PW372336
K13-506,PW372340
k13-507,PW372388
k13-510,PW372396
k13-512,PW372404
k13-516,PW372411
k13-517,PW372418
k13-519,PW372439
k13-528,PW372557
k13-533,PW372696
k13-534,PW372700
k13-435,PW372703
k13-549,PW372836
k13-550,PW372837
,
"AltID (""K-Number"")","PO Number (""Contract Number"""
k13-551,PW372838
k13-560,PW372856
k13-562,PW372860
k13-563,PW372861
k13-564,PW372862
k13-570,PW372913
K13-575,PW373018
K13-576,PW373019
K13-577,PW373020
K13-578,PW373021
K13-580,PW373023
K13-581,PW373024
K13-582,PW373025
K13-599,PW373297
k13-600,PW373328
k13-601,PW373329
k13-602,PW373336
K13-603,PW373337
K13-612,PW373354
k13-616,PW373375
K13-613,PW373383
K13-614,PW373387
K13-615,PW373392
K13-617,PW373396
K13-618,PW373398
K13-619,PW373399
K13-620,PW373400
k13-628,PW373464
k13-631,PW373482
k13-632,PW373483
k13-636,PW373503
k13-637,PW373511
k13-647,PW373775
k13-648,PW373777
k13-683,PW374152
k13-686,PW374201
k13-692,PW374324
k13-716,PW374391
k13-717,PW374393
k13-718,PW374396
k13-721,PW374432
k13-728,PW374656
k13-729,PW374658
k13-730,PW374660
k13-731,PW374661
k13-733,PW374663
,
"AltID (""K-Number"")","PO Number (""Contract Number"""
k13-735,PW374665
k13-736,PW374667
K13-739,PW374753
K13-741,PW374848
K13-742,PW374883
K13-745,PW374886
K13-746,PW374887
K13-749,PW374907
K13-750,PW374908
K13-752,PW374910
K13-754,PW374913
K13-755,PW374914
K13-769,PW375041
K13-770,PW375042
K13-77&,PW375114
K13-783,PW375127
k13-805,PW375496
k13-826,PW375717
k13-827,PW375720
k13-853,PW376012
k13-855,PW376016
k13-858,PW376052
k13-879,PW376162
k13-881,PW376164
k13-884,PW376210
K13-897,PW376483
K13-898,PW376485
K13-903,PW376492
K13-904,PW376493
K13-905,PW376497
K13-906,PW376499
K13-908,PW376557
K13-909,PW376564
mk13-923,PW376848
K13-950,PW376951
k13-952,PW376953
k13-954,PW377001
k13-959,PW377113
k13-981,PW377201
k13-982,PW377202
k13-983,PW377204
k13-985,PW377206
K13-986,PW377208
k13-988,PW377229
k13-989,PW377294
k13-1136,PW377578
,
"AltID (""K-Number"")","PO Number (""Contract Number"""
k13-1137,PW377580
k13-1138,PW377582
k13-1169,PW377746
k13-1171,PW377748
k13-1189,PW377995
k13-1192,PW378044
k13-1193,PW378045
k13-1198,PW378158
k13-1200,PW378189
k13-1201,PW378192
k13-1210,PW378375
k13-1211,PW378376
k13-1213,PW378378
k13-1214,PW378379
k13-1215,PW378380
k13-1224,PW378433
k13-1238,PW378714
k13-1239,PW378721
k13-1244,PW378762
K13-1252,PW378783
k13-1277,PW379103
k13-1278,PW379104
k13-1279,PW379105
k13-1315,PW379246
k13-1316,PW379247
k13-1355,PW379537
k13-1356,PW379542
k13-1359,PW379550
k13-1370,PW379596
k13-1384,PW379712
k13-1385,PW379714
k14-008,PW380290
k14-031,PW380478
k14-651,PW386246
k13-1361,PW479577
k13-1387,PW479719
k13-1448,PW480131
k14-006,PW480173
k14-040,PW480553
k14-069,PW480920
k14-071,PW480922
k14-172,PW481994
k14-251,PW482895
k14-263,PW483063
k14-264,PW483065
k14-267,PW483079
,
"AltID (""K-Number"")","PO Number (""Contract Number"""
k14-269,PW483089
k14-293,PW483244
k14-304,PW483265
k14-305,PW483267
k14-308,PW483321
k14-343,PW483592
k14-344,PW483593
k14-352,PW483638
k14-365,PW483685
k14-368,PW483690
k14-375,PW483784
k14-386,PW483824
k14-388,PW483841
k14-389,PW483842
k14-390,PW483844
k14-394,PW483934
k14-395,PW483936
k14-398,PW483962
k14-402,PW483988
k14-404,PW484013
k14-406,PW484021
k14-407,PW484023
k14-414,PW484175
k14-416,PW484200
k14-418,PW484209
k14-419,PW484210
k14-420,PW484211
k14-421,PW484219
k14-423,PW484239
k14-430,PW484422
k14-432,PW484466
K14-465,PW484788
K14-467,PW484805
K14-468,PW484806
K14-469,PW484807
K14-481,PW484867
K14-482,PW484868
k14-505,PW484976
K14-516,PW485023
K14-516,PW485043
K14-51?,PW485057
K14-523,PW485094
k14-568,PW485399
k14-579,PW485591
k14-580,PW485597
k14-581,PW485600
,
"AltID (""K-Number"")","PO Number (""Contract Number"""
k14-582,PW485602
k14-594,PW485644
k14-597,PW485671
k14-600,PW485691
k14-601,PW485693
k14-618,PW485939
k14-623,PW485980
k14-639,PW486148
k14-640,PW486151
k14-641,PW486153
k14-647,PW486224
k14-654,PW486257
k14-665,PW486596
k14-666,PW486597
k14-672,PW486629
k14-674,PW486649
k14-675,PW486651
k14-676,PW486654
k14-678,PW486656
k14-679,PW486659
k14-680,PW486661
k14-681,PW486662
k14-682,PW486663
k14-683,PW486664
k14-688,PW486671
k14-707,PW486827
k14-708,PW486830
k14-712,PW486872
k14-714,PW486879
k14-720,PW486913
k14-747,PW487160
k14-750,PW487173
k14-751,PW487174
k14-757,PW487203
k14-758,PW487207
k14-766,PW487272
k14-770,PW487276
k14-771,PW487320
k14-772,PW487321
k14-776,PW487358
k14-790,PW487543
k14-791,PW487544
k14-791,PW487544
k14-813,PW487930
k14-815,PW487932
k14-818,PW487952
,
"AltID (""K-Number"")","PO Number (""Contract Number"""
k14-821,PW487956
k14-822,PW487958
k14-823,PW487961
k14-824,PW487965
k14-825,PW487973
k14-826,PW487976
k14-827,PW487978
k14-828,PW487983
k14-835,PW488011
k14-842,PW488056
k14-848,PW488089
k14-850,PW488107
k14-852,PW488151
k14-861,PW488195
k14-862,PW488231
k14-864,PW488249
k14-877,PW488571
k14-878,PW488572
k14-879,PW488573
k14-881,PW488593
k14-887,PW488622
k14-893,PW488637
k14-967,PW489001
k14-992,PW489107
k14-1025,PW489570
k14-1031,PW489596
k14-1032,PW489597
k14-1033,PW489598
k14-1039,PW489626
k14-1040,PW489629
k14-1041,PW489633
k14-1042,PW489634
k14-1043,PW489637
k14-1044,PW489638
k14-1052,PW489688
k14-1082,PW489902
k14-1089,PW489963
k14-1092,PW489979
k14-1103,PW490053
k14-1106,PW490059
k14-1112,PW490080
k14-1113,PW490081
k14-1121,PW490191
k14-1122,PW490193
k14-1130,PW490300
k14-1132,PW490320
,
"AltID (""K-Number"")","PO Number (""Contract Number"""
k14-1136,PW490326
k14-1157,PW490587
k14-1160,PW490647
k14-1243,PW490967
k14-1257,PW491105
k14-1256,PW491124
k14-1285,PW491380
k14-1293,PW491431
k14-1304,PW491509
k14-1307,PW491517
k14-1308,PW491518
k14-1320,PW491674
k14-1305,PW591515
k14-1306,PW591516
k15-039,PW592441
k15-060,PW592759
,RC155489
k12-448,RC261523
k12-772,RC264436
,RD153352
,RD153354
,RD153356
,RD153762
,RD153763
,RD153992
,RD153993
,RD153998
,RD154001
,RD154079
,RD154146
,RD154155
,RD154249
,RD154332
,RD154498
,RD154663
,RD154693
,RD154706
,RD154708
,RD154709
,RD154710
,RD154711
,RD154712
,RD154713
,RD154714
,RD154715
,RD154716
,
"AltID (""K-Number"")","PO Number (""Contract Number"""
,RD154717
,RD154718
,RD154719
,RD154720
,RD154721
,RD154727
,RD154781
,RD154838
,RD154994
,RD155413
,RD155456
,RD156132
,RD156293
,RD156347
,RD156673
,RD157007
K12-154,RD158458
K12-189,RD258695
K12-239,RD259498
,RD260259
K 12-307,RD260402
k 12-308,RD260403
k 12-309,RD260404
k 12-310,RD260405
k 12-311,RD260406
k 12-312,RD260407
k12-334,RD260515
k 12-339,RD260585
k 12-340,RD260586
k 12-341,RD260587
k 12-342,RD260588
k 12-343,RD260589
k 12-344,RD260590
k 12-345,RD260591
k 12-348,RD260628
k 12-349,RD260629
k 12-350,RD260630
k 12-351,RD260631
k 12-352,RD260632
k 12-353,RD260633
k 12-354,RD260634
k 12-378,RD260670
k 12-379,RD260744
12-380,RD260745
k 12-381,RD260746
k 12-384,RD260755
,
"AltID (""K-Number"")","PO Number (""Contract Number"""
k 12-410,RD261043
k 12-411,RD261044
k 12-449,RD261528
k 12-450,RD261535
k 12-601,RD262842
k 12-602,RD262843
k 12-604,RD262845
k12-778,RD264543
k12-1030,RD266863
k12-1046,RD266933
k12-1055,RD266949
Mk12-1149,RD268567
k13-279,RD370499
k13-284,RD370530
k13-298,RD370585
k13-300,RD370590
k13-301,RD370591
k13-303,RD370594
k13-314,RD370642
k13-316,RD370661
k13-317,RD370666
k13-318,RD370670
k13-319,RD370674
k13-320,RD370677
k13-321,RD370679
k13-322,RD370696
k13-322,RD370696
k13-324,RD370721
k13-326,RD370723
k13-327,RD370724
k13-327,RD370724
k13-328,RD370725
k13-329,RD370726
k13-330,RD370727
k13-331,RD370728
k13-332,RD370729
k13-335,RD370733
k13-338,RD370736
k13-339,RD370738
k13-340,RD370739
k13-344,RD370768
k13-347,RD370867
k13-348,RD370868
k13-349,RD370869
k13-350,RD370871
k13-352,RD370876
,
"AltID (""K-Number"")","PO Number (""Contract Number"""
k13-354,RD370881
k13-356,RD370884
k13-359,RD370887
k13-367,RD370930
k13-387,RD370973
k13-379,RD370977
k13-380,RD370978
k13-380,RD370978
k13-392,RD371015
k13-420,RD371461
k13-485,RD372108
Mk13-596,RD373686
k13-666,RD373908
k13-669,RD373944
k13-677,RD374018
k13-682,RD374081
k13-685,RD374169
k13-732,RD374662
k13-809,RD375507
k13-833,RD375778
k13-917,RD376703
k13-957,RD377111
k13-958,RD377112
k13-965,RD377119
k13-968,RD377122
k13-973,RD377179
k13-1185,RD377887
k13-1186,RD377888
k13-1187,RD377899
k13-1218,RD378383
mk13-1233,RD378683
K13-1246,RD378777
K13-1247,RD378778
k13-1346,RD379502
k13-1381,RD379611
k13-1450,RD380134
k14-010,RD380295
k14-137,RD381807
k14-219,RD482533
k14-220,RD482534
k14-236,RD482675
k14-277,RD483210
k14-278,RD483211
k14-279,RD483220
k14-284,RD483232
k14-282,RD483233
,
"AltID (""K-Number"")","PO Number (""Contract Number"""
k14-283,RD483234
k14-285,RD483235
k14-287,RD483236
k14-286,RD483237
k14-288,RD483240
k14-291,RD483241
k14-289,RD483242
k14-290,RD483243
k14-296,RD483249
k14-297,RD483252
k14-300,RD483256
k14-301,RD483257
k14-302,RD483258
k14-303,RD483259
k14-306,RD483312
k14-307,RD483316
k14-314,RD483368
k14-281,RD483372
k14-318,RD483439
k14-319,RD483442
k14-320,RD483445
k14-321,RD483452
k14-322,RD483455
k14-323,RD483462
k14-324,RD483465
k14-325,RD483468
k14-329,RD483519
k14-330,RD483520
k14-334,RD483524
k14-326,RD483527
k14-327,RD483528
k14-328,RD483530
k14-336,RD483590
k14-331,RD483591
k14-344,RD483594
k14-333,RD483634
K14-377,RD483811
,RD483821
k14-383,RD483843
k14-412,RD484069
k14-379,RD484212
k14-378,RD484222
k14-376,RD484227
k14-484,RD484900
k14-536,RD485211
K14-573,RD485482
,
"AltID (""K-Number"")","PO Number (""Contract Number"""
Mk14-382,RD485589
Mk14-382,RD485589
k14-998,RD486600
k14-738,RD487022
k14-769,RD487275
Mk14-560,RD487929
k14-816,RD487937
k14-930,RD488828
k14-975,RD489035
k14-1007,RD489192
k14-1056,RD489713
K14-1060,RD489718
k14-1081,RD489900
k14-1090,RD489977
k14-1091,RD489978
K14-1117,RD490098
k14-1119,RD490121
k14-1241,RD490949
K14-1255,RD491122
k14-1273,RD491235
k14-1300,RD491506
,SD151936
,SD152486
,SD152528
,SD152542
,SD152707
,SD152708
,SD152793
,SD153044
,SD153070
,SD153072
,SD153288
,SD153397
,SD153399
,SD153426
,SD153473
,SD153755
,SD154034
,SD154037
,SD154080
,SD154102
,SD154105
,SD154195
,SD154266
,SD154330
,SD154514
,
"AltID (""K-Number"")","PO Number (""Contract Number"""
,SD154626
,SD154926
,SD154982
,SD154989
,SD154990
,SD155040
,SD155050
,SD155073
K12-163,SD258478
K12-238,SD259489
K12-247,SD259610
K12-248,SD259611
K12-249,SD259612
K12-250,SD259618
K12-140,SD259642
k12-404,SD261028
k12-406,SD261030
k12-409,SD261033
k 12-416,SD261057
MK12-785,SD266910
Mk12-784,SD266920
Mk12-784,SD266920
Mk12-1166,SD268176
Mk12-1168,SD268177
Mk12-1169,SD268196
Mk12-1167,SD268197
mk12-1170,SD268198
mk12-1165,SD268199
mk12-1163,SD268203
mk12-1163,SD268203
mk12-1164,SD268237
k13-033,SD368344
Mk13-164,SD370010
k13-386,SD370984
k13-554,SD372841
k13-595,SD373195
k13-719,SD374397
Mk13-818,SD375696
Mk13-819,SD375697
k13-821,SD375698
k13-839,SD375854
k13-840,SD375855
k13-1388,SD379720
k14-052,SD480812
k14-059,SD480860
k14-129,SD481660
,
"AltID (""K-Number"")","PO Number (""Contract Number"""
k14-130,SD481705
k14-132,SD481707
k14-133,SD481708
k14-134,SD481709
MK14-166,SD482673
Mk14-141,SD483384
K14-504,SD484887
k14-670,SD486627
k14-694,SD486709
k14-724,SD486920
k14-1233,SD490889
k15-063,SD592762
k15-068,SD592766
,SN156127
k 12-700,SN263777
k 12-700,SN263779
K12-808,SN264894
k12-1022,SN266740
,SP154276
,SP154605
,SP156453
K12-543,SP262319
k13-557,SP372853
k13-725,SP374651
k14-235,SP382674
k14-740,SP487044
,VS152792
,VS153224
,VS156121
,VS156121
,VS156121
k 12-456,VS261555
k13-612,VS373352
k14-411,VS484066
,WF152703
,WF152704
,WF152875
,WF152876
,WF153238
,WF153722
,WF153936
,WF154272
,WF154698
,WF154705
,WF154742
,WF154780
,
"AltID (""K-Number"")","PO Number (""Contract Number"""
,WF154984
K12-133,WF158191
K12-173,WF158664
K12-205,WF258981
k12-405,WF261029
k12-432,WF261270
K12-629,WF263110
K12-630,WF263113
K12-705,WF263817
k12-852,WF265037
k12-853,WF265101
k12-854,WF265102
k12-913,WF265625
k12-964,WF266180
k12-1071,WF267064
12-1087,WF267313
k12-1121,WF267545
13-008,WF268211
k13-834,WF275830
k13-403,WF371221
k13-448,WF371693
K13-771,WF375072
k13-864,WF376078
k14-195,WF482258
k14-195,WF482258
k14-195,WF482258
k14-195,WF482258
k14-214,WF482411
k14-642,WF486165
k14-690,WF486680
,YH154144
k13-615,YH373374
k13-1235,YH378680
mk13-1000 - 1009,YH378871
mk13-1010 thru mk13-1019,YH379007
mk13-1030 thru mk13-1039,YH379233
mk13-1020 thru mk13-1029,YH379234
mk13-1060 thru mk13-1068,YH380291
mk13-1050 thru mk13-1059,YH380293
mk13-1040 thru mk13-1049,YH380294
mk13-1070 thru mk13-1080,YH380359
Mk13-1081 thru Mk13-1091,YH380550
Mk13-1092 thru Mk13-1102,YH380551
Mk13-1103 thru Mk13-1113,YH380552
Mk13-1114,YH481546
k14-1008,YH489193
,
"AltID (""K-Number"")","PO Number (""Contract Number"""
k14-1140,YH490331
k15-009,YH492054